x,y,age,sex,prior_visit,behavior_type,group_number,group_type,group_leader,initial_energy,ID,role,exit,prompt,table,party,turned back x,turned back y,starting room,ids employees y/n,employee location x1,employee location y1
275,119,,,FALSE,,,,,100,a22,patron,M,,,,,,,no,,
253,49,,male,FALSE,,10,4,,100,a28,patron,M,,,,,,,,,
255,74,,male,FALSE,,10,4,,100,a29,patron,M,,,,,,,,,
264,70,,male,FALSE,,b162,4,,100,b162,patron,K,,,,222.5,85.5,,,,
253,62,,female,FALSE,,c68,4,,100,c68,patron,GC,,,,197,83,,,,
273,43,,female,FALSE,,57,4,,100,d54,patron,G1,,,,,,,,,
241,127,,female,FALSE,,57,4,,100,d55,patron,G1,,,,,,,,,
269,91,,female,FALSE,,72,4,,100,e40,patron,M,,,,,,,,,
265,123,,female,FALSE,,72,4,,100,e41,patron,M,,,,,,,,,
248,82,,,FALSE,,,,,100,f76,patron,GC,,,,,,,,,
273,115,,female,FALSE,,128,4,,100,l52,patron,M,,,,,,,,,
251,95,,female,FALSE,,137,4,,100,l53,patron,M,,,,,,,,,
253,81,,,TRUE,,,,,100,m55,tipped staff,G1,,,,,,,,,
256,101,,,FALSE,,202,4,,100,r94,patron,M,,,,,,,,,
249,67,,,FALSE,,202,4,,100,r95,patron,M,,,,,,,,,
248,81,,female,FALSE,,189,4,,100,r109,patron,,,,,,,,,,
242,125,,male,FALSE,,189,4,,100,r110,patron,,,,,,,,,,
277,124,,,FALSE,,,,,100,s232,patron,K,,,,,,,,,
242,110,,male,FALSE,,243,4,,100,w42,patron,M,,,,,,,,,
257,106,,,FALSE,,243,4,,100,w42-a,patron,n/a,,,,,,,,,
255,95,,,FALSE,,243,4,,100,w42-b,patron,n/a,,,,,,,,,
267,94,,,TRUE,,246,4,,100,w56,tipped staff,M,,,,,,,,,
246,63,,,TRUE,,246,4,,100,w56-a,tipped staff,M,,,,,,,,,
247,61,,female,FALSE,,y16,4,,100,y16,patron,M,,,,,,,,,
277,52,,,FALSE,,260,4,,100,z13,patron,M,,,,,,,,,
250,58,,,FALSE,,260,4,,100,z13? [cut off],patron,M,,,,,,,,,
278,74,,male,FALSE,,259,4,,100,z12,patron,M,,,,,,,,,
256,115,,,FALSE,,259,4,,100,z12-a,patron,M,,,,,,,,,
260,312,,,FALSE,,dayton aaa,2,,100,a50,patron,,,dayton aaa table ,,,,,,,
257,291,,,FALSE,,dayton aaa,2,,100,c88,patron,,,dayton aaa table ,,,,,,,
265,211,,,FALSE,,,,,100,d67,patron,C,,,,,,,,,
249,288,,,FALSE,,,,,100,d78,patron,C,,,,,,,,,
280,196,,female,FALSE,,dayton aaa,2,,100,d93,patron,,,dayton aaa table ,,,,,,,
263,257,,,FALSE,,65,4,,100,e22,patron,C,,,,,,,,,
263,299,,,FALSE,,66,4,,100,e23,patron,C,,,,,,,,,
279,288,,male,FALSE,,84,4,,100,f85,patron,,,dayton aaa table ,,,,,,,
264,207,,female,FALSE,,85,4,,100,f86,patron,,,dayton aaa table ,,,,,,,
280,253,,,FALSE,,,,,100,g87-a,patron,S,,,,,,,,,
283,244,,female,FALSE,,dayton aaa,2,,100,g88,patron,,,dayton aaa table ,,,,,,,
248,196,,female,FALSE,,dayton aaa,2,,100,g89,patron,,,dayton aaa table ,,,,,,,
258,221,,female,FALSE,,dayton aaa,2,,100,g91,patron,,,dayton aaa table ,,,,,,,
271,306,,,TRUE,,,,,100,h113,tipped staff,C,,,,,,,,,
259,310,,,FALSE,,,,,100,k80,patron,C,,,,,,,,,
247,206,,female,FALSE,,dayton aaa,2,,100,k84,patron,,,dayton aaa table ,,,,,,,
279,284,,,FALSE,,142,4,,100,l79,patron,C,,,,,,,,,
257,199,,,FALSE,,142,4,,100,l79-a,patron,C,,,,,,,,,
278,199,,,FALSE,,142,4,,100,l79-b,patron,C,,,,,,,,,
272,259.5,,,FALSE,,127,4,,100,l? [faded],patron,C,,,,,,,,,
266,264,,,FALSE,,144,4,,100,l82? [faded],patron,C,,,,,,,,,
268,243,,,FALSE,,,,,100,m61,patron,C,,,,,,,,,
262,248,,,FALSE,,174,4,,100,o11,patron,C,,,,,,,,,
275,263,,,FALSE,,174,4,,100,o12,patron,C,,,,,,,,,
277,225,,,FALSE,,,,,100,s163,patron,C,,,,,,,,,
248,217,,female,FALSE,,dayton aaa,2,,100,s258,patron,,,dayton aaa table ,,,,,,,
264,280,,male,FALSE,,dayton aaa,2,,100,w111,patron,,,dayton aaa table ,,,,,,,
247,242,,,FALSE,,,,,100,y15,patron,C,,,,,,,,,
253,206,,,FALSE,,,,,100,b79,patron,C,,,,,,,,,
255,219,,male,FALSE,,,,,100,b80,patron,GC,,,,,,,,,
262,313,,male,FALSE,,,,,100,b83,patron,GC,,,,,,,,,
273,238,,,FALSE,,,,,100,c33,patron,GC,,,,,,,,,
267,263,,male,FALSE,,,,,100,d36,patron,GC,,,,,,,,,
254,302,,,FALSE,,64,4,,100,e15,patron,C,,,,,,,,,
273,287,,,FALSE,,67,4,,100,e25,patron,C,,,,,,,,,
247,212,,female,FALSE,,,,,100,e16,patron,GC,,,,,,,,,
247,254,,female,FALSE,,,,,100,e17,patron,GC,,,,,,,,,
249,283,,,FALSE,,,,,100,e18,patron,GC,,,,,,,,,
276,303,,,FALSE,,70,4,,100,e35,patron,C,,,,,,,,,
246,212,,,FALSE,,71,4,,100,e36,patron,C,,,,,,,,,
250,242,,female,FALSE,,,,,100,f35,patron,GC,,,,,,,,,
264,273,,female,FALSE,,,,,100,f36,patron,GC,,,,,,,,,
253,298,,male,FALSE,,,,,100,h68,patron,GC,,,,,,,,,
260,311,,male,FALSE,,,,,100,h69,patron,GC,,,,,,,,,
278,282,,female,FALSE,,128,4,,100,l23,patron,GC,,,,,,,,,
251,204,,,FALSE,,128,4,,100,l59,patron,GC,,,,,,,,,
256,222,,female,FALSE,,,,,100,l24,patron,S,,,,,,,,,
257,279,,female,FALSE,,,,,100,l25,patron,GC,,,,,,,,,
267,313,,,TRUE,,156,4,,100,m38,tipped staff,GC,,,,,,,,,
248,291,,,TRUE,,156,4,,100,m39,tipped staff,GC,,,,,,,,,
274,230,,female,FALSE,,,,,100,n53,patron,GC,,,,,,,,,
273,253,,male,FALSE,,,,,100,p20,patron,GC,,,,,,,,,
276,295,,male,FALSE,,175,4,,100,p21,patron,GC,,,,,,,,,
259,236,,,FALSE,,175,4,,100,p58,patron,GC,,,,,,,,,
260,231,,,TRUE,,,,,100,r28,contractor,C,,,,-40,504,,,,
273,313,,female,TRUE,,191,4,,100,r30,contractor,K,,,,,,,,,
278,244,,,TRUE,,191,4,,100,r114,tipped staff,GC,,,,,,,,,
258,298,,male,FALSE,,203,4,,100,s104,patron,GC,,,,,,,,,
257,303,,male,FALSE,,203,4,,100,s105,patron,GC,,,,,,,,,
274,253,,male,FALSE,,,,,100,t14,patron,GC,,,,,,,,,
275,221,,male,FALSE,,228,4,,100,t15,patron,GC,,,,,,,,,
279,287,,male,FALSE,,228,4,,100,t16,patron,GC,,,,,,,,,
256,281,,,FALSE,,,,,100,t17,patron,GC,,,,,,,,,
282,225,,,FALSE,,,,,100,w31,patron,GC,,,,,,,,,
265,251,,male,FALSE,,,,,100,w32,patron,GC,,,,,,,,,
123,392,,,FALSE,,,,,100,w10? [cut off],patron,M,,,,,,,,,
192,401,,female,FALSE,,,,,100,w41,patron,K,,,,-40,504,,,,
165,399,,female,FALSE,,,,,100,t37,patron,M,,,,,,,,,
142,391,,female,FALSE,,222,4,,100,s225,patron,K,,,,,,,,,
131,394,,,FALSE,,222,4,,100,s225-a,patron,M,,,,,,,,,
134,397,,,FALSE,,222,4,,100,s225-b,patron,M,,,,,,,,,
208,399,,female,FALSE,,187,4,,100,r105,patron,K,,,,,,,,,
198,404,,female,FALSE,,187,4,,100,r106,patron,K,,,,,,,,,
143,393,,female,FALSE,,,,,100,r49,patron,M,,,,,,,,,
204,402,,male,FALSE,,,,,100,r83,patron,M,,,,,,,,,
126,395,,female,FALSE,,195,4,,100,r47,patron,M,,,,,,,,,
135,395,,female,FALSE,,195,4,,100,r48,patron,M,,,,,,,,,
174,433,,male,FALSE,,,,,100,m81,patron,K,,,,,,,,,
122,389,,male,FALSE,,161,4,,100,m57,patron,M,,,,,,,,,
127,387,,male,FALSE,,161,4,,100,m58,patron,M,,,,,,,,,
124,389,,male,FALSE,,,,,100,l71,patron,K,,,,,,,,,
210,400,,male,FALSE,,,,,100,j40,patron,K,,,,,,,,,
157,389,,male,FALSE,,116,4,,100,j34,patron,M,,,,,,,,,
158,396,,male,FALSE,,116,4,,100,j35,patron,M,,,,,,,,,
177,424,,male,FALSE,,,,,100,h89,patron,K,,,,-40,504,,,,
201,392,,female,FALSE,,,,,100,g70,patron,K,,,,,,,,,
208,393,,male,FALSE,,,,,100,g69,patron,K,,,,,,,,,
158,415,,female,FALSE,,,,,100,g24,patron,K,,,,-40,504,,,,
161,419,,male,FALSE,,,,,100,f82,patron,K,,,,,,,,,
134,36,,male,FALSE,,,,,100,f62,patron,M,,,,,,crystal rooms,,,
161,389,,male,FALSE,,,,,100,e30,patron,K,,,,,,,,,
158,395,,female,FALSE,,,,,100,c73,patron,K,,,,,,,,,
129,391,,female,FALSE,,b201,4,,100,b201,patron,M,,,,,,,,,
162,401,,female,FALSE,,b154,4,,100,b154,patron,M,,,,,,,,,
166,391,,female,FALSE,,,,,100,z9,patron,K,,,,,,,,,
126,392,,male,FALSE,,,,,100,t47,patron,M,,,,-40,504,,,,
151,395,,female,FALSE,,,,,100,s252,patron,K,,,,-40,504,,,,
201,390,,female,FALSE,,s238,4,,100,s238,patron,K,,,,,,,,,
143,34,,female,FALSE,,211,4,,100,s158,patron,K,,,,-40,504,crystal rooms,,,
140,38,,female,FALSE,,211,4,,100,s159,patron,K,,,,-40,504,crystal rooms,,,
160,400,,male,FALSE,,208,4,,100,s128,patron,K,,,,,,,,,
171,391,,male,FALSE,,208,4,,100,s129,patron,K,,,,,,,,,
166,395,,male,FALSE,,,,,100,s127,patron,K,,,,,,,,,
158,394,,female,FALSE,,,,,100,p39,patron,K,,,,,,,,,
124,396,,female,FALSE,,,,,100,p31,patron,K,,,,,,,,,
155,421,,male,FALSE,,,,,100,m133,patron,M,,,,,,,,,
165,396,,,TRUE,,,,,100,m5? [cut off],tipped staff,,,,,-40,504,,,,
193,427.5,,female,FALSE,,,,,100,i7,patron,M,,,,,,,,,
250,315,,,FALSE,,,,,100,h? [cut off],patron,K,,,,,,,,,
279,196,,female,FALSE,,8,4,,100,?23,patron,K,,,,-40,504,,,,
258,229,,male,FALSE,,123,4,,100,?56,patron,K,,,,,,,,,
143,405,,female,FALSE,,,,,100,b158,patron,M,,,,,,,,,
203,400,,male,FALSE,,,,,100,b143,patron,K,,,,,,,,,
160,392,,male,FALSE,,,,,100,b142,patron,K,,,,,,,,,
275,310,,female,FALSE,,18,4,,100,b133,patron,K,,,,,,,,,
188,403,,female,FALSE,,18,4,,100,b134,patron,K,,,,,,,,,
142,38,,male,FALSE,,,,,100,b179,patron,M,,,,,,crystal rooms,,,
150,399,,male,FALSE,,,,,100,b177,patron,K,,,,,,,,,
147,35,,,FALSE,,,,,100,a53,patron,,,,,-40,504,crystal rooms,,,
197,397,,female,FALSE,,b112,4,,100,b112,patron,M,,,,,,,,,
202,134,,,FALSE,,,,,100,a42,patron,M,,,,,,,,,
125,127,,,FALSE,,,,,100,a47,patron,M,,,,,,,,,
171,161,,,FALSE,,38,4,,100,b96,patron,G2,,,,,,empire stage,,,
156,161,,,FALSE,,38,4,,100,b97,patron,G2,,,,,,empire stage,,,
147,128,,,FALSE,,16,4,,100,b116,patron,M,,,,,,,,,
137,135,,,FALSE,,16,4,,100,b117,patron,M,,,,,,,,,
170,117,,,FALSE,,25,4,,100,b164,patron,M,,,,,,,,,
137,122,,,FALSE,,25,4,,100,b165,patron,M,,,,,,,,,
164,116,,,FALSE,,26,4,,100,b169,patron,M,,,,,,,,,
129,120,,,TRUE,,26,4,,100,b170,tipped staff,M,,,,,,,,,
175,129,,,TRUE,,27,4,,100,b173,tipped staff,M,,,,,,,,,
192,133,,,TRUE,,27,4,,100,b174,tipped staff,M,,,,,,,,,
159,134,,,FALSE,,30,4,,100,b197,patron,,,,,,,,,,
183,132,,,FALSE,,30,4,,100,b198,patron,,,,,,,,,,
174,134,,,FALSE,,,,,100,b212,patron,M,,,,,,,,,
178,140,,,FALSE,,,,,100,c37,patron,G2,,,,,,empire stage,,,
168,130,,,FALSE,,44,4,,100,c63,patron,K,,,,,,,,,
186,133,,,FALSE,,44,4,,100,c64,patron,K,,,,,,,,,
204,111,,,FALSE,,45,4,,100,c66,patron,G1,,,,,,,,,
193,120,,,FALSE,,45,4,,100,c67,patron,G1,,,,,,,,,
177,132,,,FALSE,,,,,100,c76,patron,G2,,,,,,,,,
144,121,,,TRUE,,49,4,,100,c86,non-tipped,M,,,,,,,,,
204,125,,,TRUE,,49,4,,100,c86-a,non-tipped,M,,,,,,,,,
127,120,,,TRUE,,55,4,,100,"d50 [guessing, cut off]",non-tipped,G1,,,,,,,,,
175,136,,,TRUE,,55,4,,100,d51,non-tipped,G1,,,,,,,,,
172,124,,,FALSE,,,,,100,d77,patron,M,,,,,,,,,
177,127,,,FALSE,,,,,100,d79,patron,G2,,,,,,,,,
171,132,,,FALSE,,62,4,,100,d86 [might be d80],patron,M,,,,,,,,,
158,117,,,TRUE,,62,4,,100,r117,tipped staff,M,,,,,,,,,
173,126,,,FALSE,,,,,100,d82,patron,M,,,,,,,,,
198,120,,,FALSE,,,,,100,e27,patron,M,,,,,,,,,
137,120,,,FALSE,,73,4,,100,e44,patron,M,,,,,,,,,
141,117,,,FALSE,,73,4,,100,e44-a,patron,M,,,,,,,,,
137,124,,,FALSE,,75,4,,100,f46,patron,K,,,,,,,,,
160,123,,,FALSE,,75,4,,100,f47,patron,K,,,,,,,,,
187,118,,,FALSE,,76,4,,100,f48,patron,M,,,,,,,,,
161,128,,,FALSE,,76,4,,100,f48-a,patron,M,,,,,,,,,
170,121,,,FALSE,,77,4,,100,f58,patron,M,,,,,,,,,
171,119,,,FALSE,,77,4,,100,f59,patron,M,,,,,,,,,
179,154,,,TRUE,,78,4,,100,f60,tipped staff,M,,,,,,empire stage,,,
172,147,,,TRUE,,78,4,,100,f61,tipped staff,M,,,,,,empire stage,,,
183,121,,,FALSE,,,,,100,f75,patron,M,,,,,,,,,
273,78,,male,FALSE,,10,4,,100,?28,patron,M,,,,,,,,,
195,133,,,FALSE,,,,,100,g72,patron,K,,,,,,,,,
153,131,,,FALSE,,,,,100,g73,patron,G2,,,,,,,,,
137,125,,,FALSE,,90,4,,100,g75,patron,K,,,,171.5,100.5,,,,
187,111,,,FALSE,,90,4,,100,g76,patron,K,,,,171.5,100.5,,,,
161,125,,,TRUE,,96,4,,100,h106,tipped staff,G1,,,,,,,,,
139,130,,,TRUE,,96,4,,100,h107,tipped staff,G1,,,,,,,,,
124,113,,,TRUE,,,,,100,h119,tipped staff,,,,,-40,504,,,,
194,118,,,TRUE,,,,,100,h120,non-tipped,,,,,-40,504,,,,
128,126,,,TRUE,,101,4,,100,h127,non-tipped,M,,,,,,,,,
126,111,,,TRUE,,101,4,,100,h128,non-tipped,M,,,,,,,,,
182,125,,female,FALSE,,,,,100,h132,patron,M,,,,,,,,,
171,133,,,FALSE,,103,4,,100,h133,patron,M,,,,,,,,,
164,114,,,FALSE,,103,4,,100,h134,patron,M,,,,,,,,,
138,114,,,TRUE,,,,,100,h144,non-tipped,G2,,,,,,,,,
199,119,,,TRUE,,108,4,,100,h151,tipped staff,K,,,,158,102.5,,,,
193,132,,,TRUE,,108,4,,100,h152,tipped staff,K,,,,158,102.5,,,,
128,125,,,TRUE,,109,2,,100,h157,tipped staff,K,,,,,,,,,
151,129,,,TRUE,,109,2,,100,h158,tipped staff,K,,,,,,,,,
128,114,,,FALSE,,109,4,,100,p68,patron,K,,,,,,,,,
204,99.5,,female,FALSE,,,,,100,g32,patron,M,,,,,,,,,
134,130,,,FALSE,,117,4,,100,j38,patron,M,,,,,,,,,
131,132,,,FALSE,,117,4,,100,j39,patron,M,,,,,,,,,
146,122,,,FALSE,,118,4,,100,j41,patron,G2,,,,167,107,,,,
145,123,,,FALSE,,118,4,,100,j42,patron,G2,,,,167,107,,,,
135,118,,,FALSE,,,,,100,k41,patron,M,,,,,,,,,
133,131,,,FALSE,,121,4,,100,k43,patron,M,,,,,,,,,
162,133,,,FALSE,,121,4,,100,k44,patron,M,,,,,,,,,
153,115,,,FALSE,,,,,100,k52,patron,M,,,,,,,,,
154,130,,,FALSE,,125,4,,100,k67,patron,K,,,,,,,,,
185,121,,,FALSE,,125,4,,100,k68,patron,K,,,,,,,,,
136,122,,,TRUE,,,,,100,k71,non-tipped,M,,,,,,,,,
136,120,,,TRUE,,,,,100,k72,non-tipped,M,,,,,,,,,
191,127,,,FALSE,,,,,100,l30,patron,K,,,,167,98,,,,
139,132,,,TRUE,,,,,100,l41,non-tipped,M,,,,,,,,,
169,130,,,FALSE,,,,,100,l63,patron,K,,,,,,,,,
171,157,,,FALSE,,139,4,,100,l68,patron,,,,,-40,504,empire stage,,,
162,143,,,FALSE,,139,4,,100,l69,patron,,,,,-40,504,empire stage,,,
126,118,,,TRUE,,,,,100,l70,non-tipped,M,,,,,,,,,
177,126,,,FALSE,,140,4,,100,l74,patron,M,,,,,,,,,
164,115,,,FALSE,,140,4,,100,l75,patron,M,,,,,,,,,
164,133,,,FALSE,,,,,100,m72,patron,M,,,,,,,,,
149,115,,,FALSE,,,,,100,m75,patron,G2,,,,153.5,105,,,,
143,133,,,FALSE,,165,4,,100,m77,patron,M,,,,,,,,,
123,126,,,FALSE,,165,4,,100,m78,patron,M,,,,,,,,,
154,114,,,FALSE,,,,,100,m82,patron,,,,,,,,,,
204,124,,female,FALSE,,,,,100,m88,patron,K,,,,,,,,,
169,110,,,FALSE,,169,4,,100,m96,patron,M,,,,,,,,,
160,129,,,FALSE,,169,4,,100,m97,patron,M,,,,,,,,,
204,113,,,TRUE,,,,,100,m102,tipped staff,,,,,-40,504,,,,
179,155,,,FALSE,,150,4,,100,m115,patron,G2,,,,,,empire stage,,,
156,154,,,FALSE,,150,4,,100,m116,patron,G2,,,,,,empire stage,,,
142,136,,,FALSE,,152,4,,100,m118,patron,M,,,,,,,,,
176,111,,,FALSE,,152,4,,100,m119,patron,M,,,,,,,,,
180,128,,,TRUE,,,,,100,m125,contractor,M,,,,,,,,,
141,113,,,TRUE,,158,4,,100,m40,tipped staff,G1,,,,,,,,,
180,127,,,TRUE,,158,4,,100,m41,tipped staff,G1,,,,,,,,,
161,114,,,FALSE,,163,4,,100,m62,patron,G2,,,,,,,,,
169,118,,,FALSE,,163,4,,100,m63,patron,G2,,,,,,,,,
149,133,,,FALSE,,,,,100,m65,patron,K,,,,,,,,,
174,112,,,TRUE,,157,4,,100,w92,tipped staff,M,,,,,,,,,
196,128,,,FALSE,,,,,100,n62,patron,M,,,,,,,,,
136,123,,,FALSE,,,,,100,n63,patron,M,,,,,,,,,
184,99.5,,,FALSE,,51,4,,100,d14,patron,M,,,,,,,,,
184,99.5,,male,TRUE,,51,4,,100,d15,non-tipped,M,,,,,,,,,
144,111,,female,FALSE,,52,4,,100,d16,patron,GC,,,,,,,,,
144,111,,,FALSE,,52,4,,100,d17,patron,M,,,,,,,,,
153,108,,,FALSE,,54,4,,100,d24,patron,M,,,,,,,,,
153,108,,,FALSE,,54,4,,100,d25,patron,M,,,,,,,,,
135,127,,,TRUE,,181,4,,100,p40,non-tipped,K,,,,148.5,100.5,,,,
181,123,,,TRUE,,181,4,,100,p41,non-tipped,K,,,,148.5,100.5,,,,
167,135,,,TRUE,,,,,100,p42,non-tipped,K,,,,,,,,,
136,111,,,FALSE,,183,4,,100,p56,patron,G1,,,,159.5,99,,,,
171,120,,,FALSE,,183,4,,100,p57,patron,G1,,,,159.5,99,,,,
138,130,,,FALSE,,194,4,,100,r45,patron,M,,,,,,,,,
129,126,,,FALSE,,194,4,,100,r46,patron,M,,,,,,,,,
205,133,,,TRUE,,,,,100,r53,tipped staff,K,,,,,,,,,
158,123,,,TRUE,,196,4,,100,r54,tipped staff,K,,,,166.5,98,413,,,
136,114,,,TRUE,,196,4,,100,r54-a,tipped staff,K,,,,166.5,98,413,y,413,812
179,144,,,TRUE,,,,,100,r55,tipped staff,K,,,,,,empire stage,y,413,812
173,145,,,TRUE,,198,4,,100,r6? [cut off],tipped staff,K,,,,,,empire stage,,,
207,118,,,TRUE,,,,,100,r100,tipped staff,M,,,,,,,,,
124,122,,,FALSE,,,,,100,s109,patron,M,,,,,,,,,
180,117,,,FALSE,,205,4,,100,s112,patron,K,,,,162,88.5,,,,
176,122,,,FALSE,,205,4,,100,s113,patron,K,,,,162,88.5,,,,
176,146,,,FALSE,,,,,100,s121,patron,G2,,,,,,empire stage,,,
132,136,,,TRUE,,,,,100,s131,non-tipped,M,,,,,,,,,
138,136,,,TRUE,,,,,100,s132,non-tipped,M,,,,,,,,,
165,119,,,TRUE,,,,,100,s136,non-tipped,K,,,,157.5,102.5,,,,
179,141,,,TRUE,,209,4,,100,s139,non-tipped,G2,,,,-40,504,empire stage,,,
176,153,,,TRUE,,209,4,,100,s140,non-tipped,G2,,,,-40,504,empire stage,,,
171,130,,,TRUE,,,,,100,s14? [cut off],non-tipped,K,,,,,,,,,
187,122,,,FALSE,,214,4,,100,s167,patron,M,,,,,,,,,
167,113,,,FALSE,,214,4,,100,s168,patron,M,,,,,,,,,
123,113,,,FALSE,,,,,100,s171,patron,M,,,,,,,,,
156,114,,,TRUE,,,,,100,s210,tipped staff,M,,,,,,,,,
184,114,,,TRUE,,225,4,,100,s243,tipped staff,M,,,,,,,,,
135,134,,,TRUE,,225,4,,100,s244,tipped staff,M,,,,,,,,,
150,126.5,,,FALSE,,,,,100,t19,patron,K,,,,,,,,,
170,127,,,FALSE,,233,4,,100,u5,patron,,,,,158,90,,,,
201,127,,,FALSE,,233,4,,100,u6,patron,,,,,158,90,,,,
188,115,,,FALSE,,234,4,,100,v15,patron,K,,,,147.5,101,,,,
171,136,,,FALSE,,234,4,,100,v16,patron,K,,,,147.5,101,,,,
153,118,,,TRUE,,,,,100,v21,non-tipped,M,,,,,,,,,
150,126,,,TRUE,,237,4,,100,v25,non-tipped,M,,,,,,,,,
178,111,,,TRUE,,237,4,,100,v26,non-tipped,M,,,,,,,,,
123,133,,,FALSE,,242,4,,100,w39,patron,M,,,,,,,,,
179,112,,,FALSE,,242,4,,100,w40,patron,M,,,,,,,,,
123,132,,,FALSE,,244,4,,100,w44,patron,M,,,,,,,,,
186,129,,,FALSE,,244,4,,100,w45,patron,M,,,,,,,,,
154,110,,,FALSE,,,,,100,w48,patron,M,,,,,,,,,
157,120,,,TRUE,,,,,100,w50,tipped staff,M,,,,,,,,,
152,127,,,TRUE,,,,,100,w59,tipped staff,M,,,,,,,,,
175,130,,,FALSE,,254,4,,100,w76,patron,G2,,,,159.5,102,,,,
154,132,,,FALSE,,254,4,,100,w77,patron,G2,,,,159.5,102,,,,
138,134,,,TRUE,,,,,100,w80,tipped staff,M,,,,,,,,,
162,131,,,TRUE,,,,,100,w85,tipped staff,G2,,,,,,,,,
198,114,,,TRUE,,239,4,,100,w99,tipped staff,M,,,,,,,,,
174,128,,,FALSE,,239,4,,100,w100,patron,M,,,,,,,,,
277,237,,,FALSE,,,,,100,?,patron,K,,,,,,,,,
185,425,,male,FALSE,,38,4,,100,??6,patron,K,,,,,,Crystal Room 1,,,
183,130,,,TRUE,,,,,100,r51,tipped staff,G2,,,,162,103.5,,,,
260,253,,,FALSE,,,,,100,?,patron,K,,,,,,,,,
113,260,,,FALSE,,,,,100,p54,patron,G1,,,,,,,,,
73,47,,,FALSE,,229,4,,100,t22,patron,M,,,,,,,,,
90,53,,,FALSE,,229,4,,100,t23,patron,M,,,,,,,,,
91,72,,,FALSE,,24,4,,100,b160,patron,K,,,,,,,,,
90,74,,,FALSE,,24,4,,100,b161,patron,K,,,,,,,,,
85,72,,,FALSE,,,,,100,d83,patron,,,,,-40,504,,,,
72,75,,,FALSE,,93,4,,100,g81,patron,K,,,,104,84,,,,
80,63,,,FALSE,,93,4,,100,g82,patron,K,,,,104,84,,,,
96,69,,,FALSE,,,,,100,g55,patron,M,,,,,,,,,
85,77,,female,FALSE,,92,4,,100,g79,patron,K,,,,,,,,,
82,50,,female,FALSE,,92,4,,100,g80,patron,K,,,,,,,,,
91,77,,,FALSE,,,,,100,t18,patron,M,,,,,,,,,
97,48,,female,FALSE,,,,,100,p30,patron,K,,,,,,,,,
210,403,,female,FALSE,,19,4,,100,b136,patron,K,,,,,,,,,
97,76,,female,FALSE,,19,4,,100,b137,patron,K,,,,,,,,,
79,64,,,TRUE,,250,4,,100,w63,tipped staff,K,,,,,,,,,
101,51,,,TRUE,,250,4,,100,w64,tipped staff,K,,,,,,,,,
83,73,,female,FALSE,,135,4,,100,l44,patron,K,,,,,,,,,
78,52,,female,FALSE,,135,4,,100,l45,patron,K,,,,,,,,,
98,55,,female,FALSE,,,,,100,f45,patron,K,,,,103.5,96.5,,,,
72,47,,,FALSE,,,,,100,r79,patron,K,,,,,,,,,
78,63,,,FALSE,,226,4,,100,s247,patron,M,,,,,,,,,
87,48,,,FALSE,,226,4,,100,s247-a,patron,M,,,,,,,,,
82,70,,,TRUE,,,,,100,c84,non-tipped,M,,,,,,,,,
83,69,,,FALSE,,,,,100,p67,patron,M,,,,,,,,,
69,72,,,FALSE,,,,,100,s114,patron,M,,,,,,,,,
78,52,,,FALSE,,120,4,,100,k42,patron,K,,,,,,,,,
86,60,,,FALSE,,120,4,,100,k42-a,patron,K,,,,,,,,,
70,63,,,FALSE,,39,4,,100,b98,patron,M,,,,58.5,97.5,,,,
90,48,,,FALSE,,39,4,,100,b99,patron,M,,,,58.5,97.5,,,,
88,65,,,FALSE,,,,,100,a41,patron,M,,,,,,,,,
96,77,,,FALSE,,,,,100,f77,patron,M,,,,,,,,,
259,246,,male,FALSE,,42,4,,100,?52,patron,M,,,,237,246.5,,,,
78,55,,female,FALSE,,4,4,,100,a48,patron,K,,,,,,,,,
86,74,,,TRUE,,220,4,,100,s216,tipped staff,M,,,,,,,,,
76,72,,,TRUE,,220,4,,100,s217,tipped staff,M,,,,,,,,,
92,78,,,FALSE,,74,4,,100,f43,patron,,,,,-40,504,,,,
85,65,,,FALSE,,74,4,,100,f43-a,patron,,,,,-40,504,,,,
93,56,,male,FALSE,,201,4,,100,r92,patron,K,,,,,,,,,
67,59,,male,FALSE,,201,4,,100,r93,patron,K,,,,,,,,,
67,48,,,FALSE,,,,,100,c40,patron,K,,,,,,,,,
74,47,,,FALSE,,,,,100,h80,patron,,,,,-40,504,,,,
80,70,,,FALSE,,,,,100,d64,patron,M,,,,,,,,,
100,69,,,FALSE,,,,,100,j25,patron,M,,,,,,,,,
91,76,,,FALSE,,115,4,,100,j29,patron,K,,,,,,,,,
89,61,,,TRUE,,115,4,,100,j30,non-tipped,K,,,,,,,,,
68,51,,,FALSE,,210,4,,100,s156,patron,M,,,,,,,,,
74,62,,,FALSE,,210,4,,100,s156-a,patron,M,,,,,,,,,
67,64,,male,TRUE,,,,,100,g59,tipped staff,K,,,,,,,,,
81,69,,,FALSE,,130,4,,100,l32,patron,G1,,,,,,,,,
72,63,,,FALSE,,130,4,,100,l32-a,patron,G1,,,,,,,,,
270,312,,,TRUE,,249,4,,100,w61,tipped staff,,,,,-40,504,,,,
257,321,,,TRUE,,249,4,,100,w62,tipped staff,,,,,-40,504,,,,
271,214,,,TRUE,,148,4,,100,m104,tipped staff,,,,,-40,504,,,,
264,311,,,TRUE,,148,4,,100,m105,tipped staff,,,,,-40,504,,,,
258,286,,,TRUE,,97,4,,100,h108,tipped staff,,,,,-40,504,,,,
260,197,,,TRUE,,97,4,,100,h109,tipped staff,,,,,-40,504,,,,
260,195,,,FALSE,,35,4,,100,b87,patron,S,,,,,,,,,
250,263,,,FALSE,,35,4,,100,b88,patron,S,,,,,,,,,
260,250,,,FALSE,,,,,100,f44,patron,,,,,-40,504,,,,
273,219,,,FALSE,,,,,100,h96,patron,,,,,-40,504,,,,
279,233,,,FALSE,,,,,100,j23,patron,GC,,,,,,,,,
272,196,,male,TRUE,,,,,100,s1,non-tipped,S,,,,,,,,,
253,202,,female,FALSE,,,,,100,n2,patron,,,,,,,,,,
275,300,,,FALSE,,,,,100,n1?,patron,C,,,,,,,,,
260,197,26,female,FALSE,,dayton aaa,2,,100,s256,patron,C,,dayton aaa table ,,,,,,,
270,287,,,FALSE,,,,,100,t? [cut off],patron,C,,,,,,,,,
282,264,,,FALSE,,,,,100,t29,patron,,,,,-40,504,,,,
248,299,,,FALSE,,,,,100,? [blank],patron,,,,,,,,,,
277,247,,,FALSE,,40,4,,100,c45,patron,G2,,,,,,,,,
279,197,,,FALSE,,40,4,,100,c46,patron,G2,,,,,,,,,
277,308,,,FALSE,,,,,100,m? [cut off],patron,C,,,,,,,,,
266,229,,,TRUE,,160,4,,100,m46,tipped staff,,,,,-40,504,,,,
256,288,,,TRUE,,160,4,,100,m47,tipped staff,,,,,-40,504,,,,
253,283,,,FALSE,,,,,100,s191,patron,,,,,-40,504,,,,
272,214,,,TRUE,,,,,100,h161,tipped staff,S,,,,,,,,,
305,272,,,FALSE,,,,,100,c35?,patron,S,,,,,,,,,
274,269,,,TRUE,,221,4,,100,s219,tipped staff,,,,,-40,504,,,,
262,317,,,TRUE,,221,4,,100,s220,non-tipped,,,,,-40,504,,,,
254,211,,,FALSE,,,,,100,g? [cut off],patron,GC,,,,,,,,,
267,242,,,FALSE,,,,,100,b207,patron,GC,,,,,,cabaret room,,,
266,285,,female,FALSE,,148,4,,100,?105,patron,K,,,,-40,504,,,,
269,313,,,FALSE,,104,4,,100,h137,patron,,,,,-40,504,,,,
260,258,,,FALSE,,104,4,,100,h138,patron,,,,,-40,504,,,,
262,320,,male,FALSE,,,,,100,b82,patron,GC,,,,,,,,,
250,258,,,FALSE,,,,,100,b8? [faded/cut off],patron,GC,,,,,,,,,
264,276,,female,TRUE,,,,,100,s88,non-tipped,S,,,,,,,,,
153,108,,male,FALSE,,54,4,,100,?25,patron,C,,,,,,,,,
261,324,,,TRUE,,,,,100,h123,non-tipped,,,,,-40,504,,,,
255,289,,,FALSE,,8,4,,100,a23,patron,,,,,-40,504,,,,
255,275,,,FALSE,,8,4,,100,a24,patron,,,,,-40,504,,,,
261,213,,,FALSE,,17,4,,100,b125,patron,S,,,,,,,,,
282,208,,,FALSE,,17,4,,100,b126,patron,S,,,,,,,,,
265,304,,,FALSE,,48,4,,100,c74,patron,S,,,,,,,,,
266,293,,,FALSE,,48,4,,100,c75,patron,S,,,,,,,,,
275,320,,,FALSE,,,,,100,c7? [cut off],patron,GC,,,,,,,,,
250,261,,,FALSE,,68,4,,100,e28,patron,S,,,,,,,,,
267,244,,,FALSE,,68,4,,100,e29,patron,S,,,,,,,,,
267,234,,,TRUE,,89,4,,100,g64,tipped staff,C,,,,,,,,,
266,266,,,TRUE,,89,4,,100,g65,tipped staff,C,,,,,,,,,
254,217,,,FALSE,,124,4,,100,k65,patron,C,,,,,,,,,
275,235,,,FALSE,,124,4,,100,k65-a,patron,C,,,,,,,,,
268,299,,,TRUE,,,,,100,k74,non-tipped,GC,,,,,,,,,
278,278,,,TRUE,,126,4,,100,k75,non-tipped,S,,,,,,,,,
271,309,,,TRUE,,126,4,,100,k76,non-tipped,S,,,,,,,,,
270,246,,,FALSE,,,,,100,m69,patron,S,,,,,,,,,
257,240,,,FALSE,,,,,100,m71,patron,S,,,,,,,,,
246,311,,,FALSE,,,,,100,m73,patron,C,,,,,,,,,
276,276,,,FALSE,,173,4,,100,n70,patron,S,,,,,,,,,
262,288,,,FALSE,,173,4,,100,n71,patron,S,,,,,,,,,
278,301,,,TRUE,,199,4,,100,r64,tipped staff,C,,,,,,,,,
264,303,,,TRUE,,199,4,,100,r65,tipped staff,C,,,,,,,,,
258,265,,,FALSE,,212,4,,100,s164,patron,C,,,,,,,,,
254,262,,,FALSE,,212,4,,100,s165,patron,C,,,,,,,,,
263,207,,,FALSE,,,,,100,s239,patron,S,,,,,,,,,
276,267,,,TRUE,,235,4,,100,v22,non-tipped,C,,,,,,,,,
253,306,,,TRUE,,235,4,,100,v23,non-tipped,C,,,,,,,,,
292,315.5,,,FALSE,,241,4,,100,w36,patron,C,,,,,,,,,
264,314,,,FALSE,,241,4,,100,w37,patron,C,,,,,,,,,
277,216,,,FALSE,,241,4,,100,w38,patron,C,,,,,,,,,
280,241,,,FALSE,,,,,100,w43,patron,C,,,,,,,,,
248,228,,,FALSE,,253,4,,100,w74,patron,S,,,,,,,,,
247,288,,,FALSE,,253,4,,100,w75,patron,S,,,,,,,,,
250,276,,,FALSE,,1,4,,100,?211,patron,GC,,,,,,,,,
263,248,,,FALSE,,1,4,,100,?211-a,patron,GC,,,,,,,,,
270,259,,,FALSE,,5,4,,100,a13,patron,C,,,,,,,,,
267,231,,,FALSE,,5,4,,100,a14,patron,C,,,,,,,,,
252,222,,,FALSE,,6,4,,100,a18,patron,GC,,,,,,,,,
279,224,,,FALSE,,6,4,,100,a19,patron,GC,,,,,,,,,
270,213,,,FALSE,,7,4,,100,a20,patron,S,,,,,,,,,
280,319,,,FALSE,,7,4,,100,a20-a,patron,S,,,,,,,,,
274,285,,,FALSE,,9,4,,100,a27,patron,C,,,,,,,,,
245,247,,,FALSE,,9,4,,100,a27-a,patron,C,,,,,,,,,
271,258,,,FALSE,,11,4,,100,a43,patron,C,,,,,,,,,
254,219,,,FALSE,,11,4,,100,a44,patron,C,,,,,,,,,
246,241,,,FALSE,,36,4,,100,b90,patron,S,,,,240,260,,,,
280,267,,,FALSE,,36,4,,100,b91,patron,S,,,,240,260,,,,
260,222,,,FALSE,,37,4,,100,b93,patron,GC,,,,,,,,,
269,238,,,FALSE,,37,4,,100,b94,patron,GC,,,,,,,,,
261,288,,,FALSE,,12,4,,100,b100,patron,S,,,,,,,,,
282,206,,,FALSE,,12,4,,100,b101,patron,S,,,,,,,,,
269,315,,,FALSE,,13,4,,100,b102,patron,S,,,,275,262.5,,,,
265,236,,,FALSE,,13,4,,100,b103,patron,S,,,,275,262.5,,,,
278,307,,,FALSE,,,,,100,b108,patron,C,,,,,,,,,
278,234,,,FALSE,,14,4,,100,b110?,patron,C,,,,,,,,,
277,269,,,FALSE,,14,4,,100,b111,patron,C,,,,,,,,,
281,250,,,FALSE,,15,4,,100,b113,patron,C,,,,,,,,,
250,223,,,FALSE,,15,4,,100,b114,patron,C,,,,,,,,,
264,244,,,FALSE,,,,,100,b119,patron,S,,,,279.5,277.5,,,,
250,232,,,FALSE,,20,4,,100,b140,patron,S,,,,,,,,,
265,288,,,FALSE,,20,4,,100,b141,patron,S,,,,,,,,,
270,272,,,FALSE,,21,4,,100,b144,patron,GC,,,,,,,,,
267,323,,,FALSE,,21,4,,100,b145,patron,GC,,,,,,,,,
247,240.5,,,FALSE,,22,4,,100,b152,patron,GC,,,,,,,,,
247,240.5,,,FALSE,,22,4,,100,b153,patron,GC,,,,,,,,,
270,294,,,FALSE,,23,4,,100,b155,patron,S,,,,268.5,245,,,,
282,264,,,FALSE,,23,4,,100,b156,patron,S,,,,268.5,245,,,,
253,247,,,TRUE,,28,4,,100,b180,tipped staff,,,,,-40,504,,,,
277,245,,,TRUE,,28,4,,100,b180-a,tipped staff,,,,,-40,504,,,,
260,209,,,TRUE,,,,,100,b181,tipped staff,S,,,,253.5,306,,,,
258,231,,,TRUE,,29,4,,100,b182,tipped staff,GC,,,,,,,,,
254,308,,,TRUE,,29,4,,100,b182-a,tipped staff,GC,,,,,,,,,
281,230,,,FALSE,,,,,100,b? [I can't read that],patron,S,,,,,,,,,
272,304,,male,FALSE,,,,,100,b?,patron,,,,,,,,,,
264,267,,,FALSE,,,,,100,b192,patron,,,,,-40,504,,,,
272,324,,,FALSE,,31,4,,100,b199,patron,GC,,,,,,,,,
272,291,,,TRUE,,31,4,,100,b200,tipped staff,GC,,,,,,,,,
281,212,,,FALSE,,32,4,,100,b202,patron,C,,,,,,,,,
250,225,,,FALSE,,32,4,,100,b203,patron,C,,,,,,,,,
258,224,,,FALSE,,33,4,,100,b204,patron,C,,,,,,,,,
273,202,,,FALSE,,33,4,,100,b205,patron,C,,,,,,,,,
271,281,,,FALSE,,,,,100,b208,patron,C,,,,,,,,,
279,232,,,FALSE,,,,,100,b209,patron,C,,,,,,,,,
280,195,,,FALSE,,,,,100,c41,patron,S,,,,231.5,255.5,,,,
257,282,,,FALSE,,41,4,,100,c47,patron,S,,,,,,,,,
271,243,,,FALSE,,41,4,,100,c48,patron,S,,,,,,,,,
281,222,,,FALSE,,42,4,,100,c52,patron,S,,,,237,246.5,,,,
278,302,,,FALSE,,42,4,,100,c52-a,patron,S,,,,237,246.5,,,,
276,261,,,FALSE,,43,4,,100,c62,patron,C,,,,,,,,,
257,251,,,FALSE,,43,4,,100,c62-a,patron,C,,,,,,,,,
247,276,,,FALSE,,,,,100,c65,patron,C,,,,,,,,,
261,241,,,FALSE,,46,4,,100,c69,patron,C,,,,,,,,,
273,309,,,FALSE,,46,4,,100,c70,patron,C,,,,,,,,,
246,316,,,FALSE,,47,4,,100,c71,patron,C,,,,,,,,,
277,236,,,FALSE,,47,4,,100,c71-a,patron,C,,,,,,,,,
273,237,,,FALSE,,47,4,,100,c71-b,patron,C,,,,,,,,,
256,203,,,FALSE,,47,4,,100,c71-c,patron,C,,,,,,,,,
274,272,,,TRUE,,56,4,,100,d52,non-tipped,C,,,,,,,,,
270,233,,,TRUE,,56,4,,100,d52-a,non-tipped,C,,,,,,,,,
256,227,,,FALSE,,,,,100,d58,patron,C,,,,,,,,,
246,289,,,FALSE,,58,4,,100,d65,patron,C,,,,,,,,,
256,234,,,FALSE,,58,4,,100,d66,patron,C,,,,,,,,,
253,261,,,FALSE,,59,4,,100,d71,patron,S,,,,243,251,,,,
247,287,,,FALSE,,59,4,,100,d71-a,patron,S,,,,243,251,,,,
273,216,,,FALSE,,60,4,,100,d73,patron,S,,,,245,264,,,,
273,238,,,FALSE,,60,4,,100,d74,patron,S,,,,245,264,,,,
270,208,,,FALSE,,61,4,,100,d75,patron,GC,,,,,,,,,
273,196,,,FALSE,,61,4,,100,d76,patron,GC,,,,,,,,,
258,298,,,FALSE,,63,4,,100,d89,patron,GC,,,,,,,,,
249,224,,,TRUE,,63,4,,100,d90,non-tipped,GC,,,,,,,,,
255,210,,,FALSE,,,,,100,d101,patron,C,,,,,,,,,
262,204,,,FALSE,,69,4,,100,e31,patron,C,,,,,,,,,
271,237,,,FALSE,,69,4,,100,e32,patron,C,,,,,,,,,
253,250,,,FALSE,,,,,100,f49,patron,C,,,,,,,,,
260,235,,,FALSE,,,,,100,f52,patron,S,,,,264,267,,,,
272,224,,,FALSE,,79,4,,100,f64,patron,C,,,,,,,,,
272,277,,,FALSE,,79,4,,100,f65,patron,C,,,,,,,,,
276,292,,,FALSE,,80,4,,100,f67,patron,C,,,,,,,,,
277,202,,,FALSE,,80,4,,100,f68,patron,C,,,,,,,,,
267,250,,,FALSE,,81,4,,100,f70,patron,C,,,,,,,,,
260,269,,,FALSE,,81,4,,100,f71,patron,C,,,,,,,,,
273,256,,,FALSE,,,,,100,f72,patron,C,,,,,,,,,
257,234,,,FALSE,,82,4,,100,f73,patron,C,,,,,,,,,
258,317,,,FALSE,,82,4,,100,f74,patron,C,,,,,,,,,
248,216,,,FALSE,,83,4,,100,f78,patron,S,,,,,,,,,
260,309,,,FALSE,,83,4,,100,f79,patron,S,,,,,,,,,
249,212,,,FALSE,,,,,100,g35,patron,C,,,,,,,,,
260,253,,,FALSE,,86,4,,100,g39,patron,C,,,,,,,,,
248,308,,,FALSE,,86,4,,100,g40,patron,C,,,,,,,,,
268,255,,,FALSE,,86,4,,100,g40-a? [cut off],patron,C,,,,,,,,,
266,322,,,FALSE,,87,4,,100,g41,patron,GC,,,,,,,,,
274,279,,,FALSE,,87,4,,100,g42,patron,GC,,,,,,,,,
271,232,,,FALSE,,88,4,,100,g45,patron,S,,,,,,,,,
258,289,,,FALSE,,88,4,,100,g45-a,patron,S,,,,,,,,,
168,119,,male,FALSE,,h47,4,,100,?47,patron,C,,,,,,,,,
90,55,,female,FALSE,,4,4,,100,?48,patron,K,,,,,,,,,
262,323,,,FALSE,,dayton aaa,2,,100,?50,patron,,,dayton aaa table ,,,,,,,
140,114,,female,FALSE,,55,4,,100,?51,patron,C,,,,,,,,,
315,331.5,,,FALSE,,,,,100,b? [cut off],patron,C,,,,,,,,,
247,242,,,FALSE,,,,,100,g74,patron,S,,,,,,,,,
250,233,,,FALSE,,91,4,,100,g77,patron,GC,,,,,,,,,
263,286,,,FALSE,,91,4,,100,g78,patron,GC,,,,,,,,,
275,308,,,FALSE,,,,,100,g85,patron,C,,,,,,,,,
257,257,,,FALSE,,112,4,,100,h90,patron,GC,,,,,,,,,
250,269,,,FALSE,,112,4,,100,h91,patron,GC,,,,,,,,,
269,199,,,FALSE,,113,4,,100,h93,patron,GC,,,,,,,,,
255,267,,,FALSE,,113,4,,100,h94,patron,GC,,,,,,,,,
263,233,,,FALSE,,,,,100,h95,patron,S,,,,306.5,292.5,,,,
275,272,,,FALSE,,94,4,,100,h97,patron,S,,,,,,,,,
252,201,,,FALSE,,94,4,,100,g86,patron,S,,,,,,,,,
279,241,,,FALSE,,,,,100,h99,patron,S,,,,,,,,,
272,264,,,TRUE,,95,4,,100,h102,tipped staff,S,,,,,,,,,
254,230,,,TRUE,,95,4,,100,h103,tipped staff,S,,,,,,,,,
281,283,,,TRUE,,98,4,,100,h112,tipped staff,S,,,,246.5,255.5,,,,
275,291,,,TRUE,,98,4,,100,h112-a,tipped staff,S,,,,246.5,255.5,,,,
277,236,,,TRUE,,,,,100,h116,tipped staff,S,,,,,,,,,
268,244,,,TRUE,,99,4,,100,h117,tipped staff,GC,,,,,,,,,
251,278,,,TRUE,,99,4,,100,h118,tipped staff,GC,,,,,,,,,
260,264,,,TRUE,,100,4,,100,h121,non-tipped,S,,,,,,,,,
259,241,,,TRUE,,100,4,,100,h122,non-tipped,S,,,,,,,,,
258,306,,,TRUE,,102,4,,100,h129,non-tipped,GC,,,,,,,,,
248,198,,,TRUE,,102,4,,100,h130,non-tipped,GC,,,,,,,,,
249,252,,,TRUE,,,,,100,h131,non-tipped,S,,,,234,279,,,,
257,204,,,TRUE,,,,,100,h142,non-tipped,C,,,,,,,,,
257,283,,,TRUE,,106,4,,100,h145,non-tipped,C,,,,,,,,,
255,285,,,TRUE,,106,4,,100,h146,non-tipped,C,,,,,,,,,
277,263,,,TRUE,,107,4,,100,h147,non-tipped,S,,,,,,,,,
272,307,,,TRUE,,107,4,,100,h148,non-tipped,S,,,,,,,,,
276,220,,,TRUE,,110,4,,100,h163,tipped staff,C,,,,,,,,,
273,227,,,TRUE,,110,4,,100,h164,tipped staff,C,,,,,,,,,
260,232,,,FALSE,,,,,100,i4,patron,S,,,,,,,,,
249,291,,,FALSE,,114,4,,100,i5,patron,C,,,,,,,,,
265,297,,,FALSE,,114,4,,100,i6,patron,C,,,,,,,,,
252,282,,,FALSE,,,,,100,j24,patron,,,,,-40,504,,,,
272,226,,,FALSE,,,,,100,j47,patron,C,,,,,,,,,
296,343.5,,,FALSE,,,,,100,r38,patron,C,,,,,,,,,
255,296,,,FALSE,,119,4,,100,k39,patron,GC,,,,,,,,,
255,302,,,FALSE,,119,4,,100,k40,patron,GC,,,,,,,,,
275,291,,,FALSE,,,,,100,k49,patron,C,,,,,,cabaret room,,,
279,313,,,FALSE,,122,4,,100,k50,patron,C,,,,,,,,,
257,255,,,FALSE,,122,4,,100,k51,patron,C,,,,,,,,,
282,271,,,FALSE,,,,,100,k53,patron,C,,,,,,,,,
252,202,,,FALSE,,123,4,,100,k56,patron,C,,,,,,,,,
268,204,,,FALSE,,123,4,,100,k57,patron,C,,,,,,,,,
256,246,,,FALSE,,34,2,,100,k61,patron,GC,,,,,,,,,
257,295,,,FALSE,,34,2,,100,k62,patron,GC,,,,,,,,,
250,247,,,FALSE,,34,2,,100,k63,patron,GC,,,,,,,,,
273,312,,,FALSE,,34,2,,100,b85,patron,GC,,,,,,,,,
272,283,,,TRUE,,,,,100,k78,non-tipped,C,,,,,,,,,
245,304,,,TRUE,,,,,100,k79,non-tipped,C,,,,,,,,,
283,312,,,FALSE,,129,4,,100,l27,patron,C,,,,,,,,,
256,292,,,FALSE,,129,4,,100,l28,patron,C,,,,,,,,,
278,217,,,FALSE,,131,4,,100,l33,patron,S,,,,,,,,,
278,322,,,FALSE,,131,4,,100,l34,patron,S,,,,,,,,,
259,204,,,FALSE,,132,4,,100,l35,patron,,,,,-40,504,,,,
260,252,,,FALSE,,132,4,,100,l36,patron,,,,,-40,504,,,,
260,308,,,FALSE,,133,3,,100,l37,patron,C,,,,,,,,,
283,219,,,FALSE,,133,3,,100,n74,patron,C,,,,,,,,,
263,305,,,TRUE,,134,4,,100,l4? [cut off],non-tipped,S,,,,,,,,,
280,196,,,FALSE,,136,4,,100,l50,patron,C,,,,,,,,,
274,319,,,FALSE,,,,,100,l54,patron,S,,,,240,246.5,,,,
265,319,,,FALSE,,138,4,,100,l66,patron,S,,,,237.5,264.5,,,,
274,260,,,FALSE,,138,4,,100,l67,patron,S,,,,237.5,264.5,,,,
248,216,,,FALSE,,141,4,,100,l77? [cut off],patron,C,,,,,,,,,
262,220,,,FALSE,,141,4,,100,l78,patron,C,,,,,,,,,
246,204,,,FALSE,,,,,100,l83,patron,C,,,,,,,,,
256,240,,,FALSE,,,,,100,l84,patron,C,,,,,,,,,
255,315,,,FALSE,,145,4,,100,l94,patron,C,,,,,,,,,
265,225,,,FALSE,,145,4,,100,l94-a,patron,C,,,,,,,,,
261,233,,female,TRUE,,,,,100,m37,tipped staff,GC,,,,,,,,,
273,233,,,TRUE,,159,4,,100,m43,tipped staff,S,,,,,,,,,
255,279,,,TRUE,,159,4,,100,m44,tipped staff,S,,,,,,,,,
249,297,,,TRUE,,,,,100,m45,tipped staff,C,,,,,,,,,
263,312,,,FALSE,,162,4,,100,m59? [cut off],patron,S,,,,,,,,,
263,248,,,FALSE,,162,4,,100,m60,patron,S,,,,,,,,,
255,230,,,FALSE,,164,4,,100,m68,patron,C,,,,,,,,,
253,275,,,FALSE,,166,4,,100,m83,patron,C,,,,,,,,,
281,212,,,FALSE,,166,4,,100,m84,patron,C,,,,,,,,,
269,265,,,FALSE,,167,4,,100,m85,patron,S,,,,,,,,,
268,244,,,FALSE,,167,4,,100,m86,patron,S,,,,,,,,,
254,205,,,FALSE,,168,4,,100,m90,patron,S,,,,235.5,264,,,,
282,211,,,FALSE,,168,4,,100,m91,patron,S,,,,235.5,264,,,,
277,231,,,FALSE,,149,4,,100,m99,patron,S,,,,,,,,,
260,207,,,TRUE,,149,4,,100,m100,tipped staff,S,,,,,,,,,
271,271,,,FALSE,,147,4,,100,m1? [cut off],patron,C,,,,,,,,,
264,287,,female,FALSE,,147,4,,100,m11,patron,S,,,,,,,,,
269,230,,male,FALSE,,151,4,,100,m117,patron,C,,,,,,,,,
280,221,,,FALSE,,151,4,,100,m117-a,patron,C,,,,,,,,,
304,245,,,TRUE,,,,,100,m121,contractor,S,,,,,,,,,
281,306,,,TRUE,,,,,100,m127,contractor,C,,,,,,,,,
272,253,,,TRUE,,153,4,,100,m128,contractor,GC,,,,,,,,,
281,248,,,TRUE,,153,4,,100,m129,contractor,GC,,,,,,,,,
265,214,,,FALSE,,,,,100,m134,patron,C,,,,,,,,,
279,274,,,FALSE,,154,4,,100,m138,patron,C,,,,,,,,,
270,316,,,FALSE,,154,4,,100,m139,patron,C,,,,,,,,,
258,280,,,FALSE,,,,,100,n57,patron,C,,,,,,,,,
273,234,,,FALSE,,171,4,,100,n60,patron,C,,,,,,,,,
278,278,,,FALSE,,171,4,,100,n61,patron,C,,,,,,,,,
249,223,,,FALSE,,172,4,,100,n64,patron,GC,,,,,,,,,
276,295,,,FALSE,,172,4,,100,n65,patron,GC,,,,,,,,,
276,296,,female,FALSE,,53,4,,100,d22,patron,S,,,,,,,,,
261,233,,female,FALSE,,53,4,,100,d23,patron,K,,,,,,,,,
270,260,,,TRUE,,,,,100,d53,non-tipped,GC,,,,,,,,,
273,273,,,FALSE,,176,4,,100,p23,patron,C,,,,,,,,,
283,313,,,FALSE,,176,4,,100,p24,patron,C,,,,,,,,,
274,206,,,FALSE,,,,,100,p25,patron,C,,,,,,,,,
269,286,,,FALSE,,177,4,,100,p26,patron,C,,,,,,,,,
261,316,,,FALSE,,177,4,,100,p27,patron,C,,,,,,,,,
266,211,,,FALSE,,,,,100,p28,patron,C,,,,,,,,,
272,201,,,FALSE,,,,,100,p29,patron,GC,,,,,,,,,
246,290,,,FALSE,,178,4,,100,p33,patron,S,,,,,,,,,
266,205,,,FALSE,,178,4,,100,p34,patron,S,,,,,,,,,
266,267,,,FALSE,,179,4,,100,p35,patron,S,,,,,,,,,
270,270,,,FALSE,,179,4,,100,p36,patron,S,,,,,,,,,
268,299,,,FALSE,,180,4,,100,p37,patron,C,,,,,,,,,
256,214,,,FALSE,,180,4,,100,p38,patron,C,,,,,,,,,
260,199,,,TRUE,,182,4,,100,p46,non-tipped,GC,,,,,,,,,
257,254,,,TRUE,,182,4,,100,p47,non-tipped,GC,,,,,,,,,
276,197,,,FALSE,,184,4,,100,p62,patron,GC,,,,,,,,,
261,240,,,FALSE,,184,4,,100,p63,patron,GC,,,,,,,,,
261,313,,,FALSE,,185,4,,100,p64,patron,GC,,,,,,,,,
281,266,,,FALSE,,185,4,,100,p65,patron,GC,,,,,,,,,
252,295,,,FALSE,,186,4,,100,q5,patron,S,,,,,,,,,
283,265,,,FALSE,,186,4,,100,q5-a,patron,S,,,,,,,,,
277,197,,,FALSE,,193,4,,100,r41,patron,C,,,,,,,,,
257,202,,,FALSE,,193,4,,100,r42,patron,C,,,,,,,,,
257,274,,male,TRUE,,192,4,,100,r31,contractor,M,,,,,,,,,
267,257,,female,TRUE,,192,4,,100,r32,contractor,M,,,,,,,,,
245,266,,,TRUE,,197,4,,100,r57? [cut off],tipped staff,S,,,,246.5,244.5,,,,
245,261,,,TRUE,,197,4,,100,r118,tipped staff,S,,,,246.5,244.5,,,,
263,222,,,TRUE,,,,,100,r67,tipped staff,,,,,-40,504,,,,
261,297,,,FALSE,,200,4,,100,r74,patron,C,,,,,,,,,
251,233,,,FALSE,,200,4,,100,r75,patron,C,,,,,,,,,
256,285,,,FALSE,,188,4,,100,r107,patron,S,,,,248,255.5,,,,
269,223,,,FALSE,,188,4,,100,r108,patron,S,,,,248,255.5,,,,
246,323,,,TRUE,,190,4,,100,r111,tipped staff,S,,,,,,,,,
280,217,,,TRUE,,190,4,,100,r112,tipped staff,S,,,,,,,,,
267,240,,female,FALSE,,dayton aaa,2,,100,r119,patron,,,dayton aaa table ,,,,,,,
279,286,,,FALSE,,204,4,,100,s110,patron,C,,,,,,,,,
283,318,,,FALSE,,204,4,,100,s111? [cut off],patron,C,,,,,,,,,
274,303,,,FALSE,,,,,100,s117,patron,C,,,,,,,,,
278,296,,,FALSE,,206,4,,100,s119,patron,S,,,,,,,,,
254,233,,,FALSE,,206,4,,100,s120,patron,S,,,,,,,,,
262,247,,,FALSE,,207,4,,100,s123,patron,C,,,,,,,,,
261,249,,,FALSE,,207,4,,100,s124,patron,C,,,,,,,,,
256,236,,,FALSE,,,,,100,s155,patron,GC,,,,,,,,,
262,260,,,FALSE,,213,4,,100,s166,patron,C,,,,,,,,,
246,218,,,FALSE,,213,4,,100,s166-a,patron,C,,,,,,,,,
268,215,,,TRUE,,,,,100,s140? [cut off],non-tipped,GC,,,,,,,,,
263,262,,,FALSE,,215,4,,100,s186,patron,S,,,,,,,,,
260,252,,,FALSE,,215,4,,100,s187,patron,S,,,,,,,,,
270,277,,,FALSE,,216,4,,100,s202,patron,C,,,,,,,,,
277,251,,,FALSE,,216,4,,100,s203,patron,C,,,,,,,,,
281,278,,,FALSE,,217,4,,100,s206,patron,S,,,,,,,,,
263,297,,,FALSE,,217,4,,100,s207,patron,S,,,,,,,,,
257,290,,,FALSE,,218,4,,100,s208? [cut off],patron,C,,,,,,,,,
249,305,,,FALSE,,218,4,,100,s209,patron,C,,,,,,,,,
265,288,,,TRUE,,219,4,,100,s212,tipped staff,GC,,,,,,,,,
253,304,,,TRUE,,219,4,,100,s213,tipped staff,GC,,,,,,,,,
269,290,,,TRUE,,,,,100,s218,tipped staff,C,,,,,,,,,
282,306,,,TRUE,,,,,100,s223,non-tipped,C,,,,,,,,,
249,318,,,TRUE,,,,,100,s224,non-tipped,S,,,,,,,,,
248,266,,,FALSE,,223,4,,100,s228,patron,C,,,,,,,,,
272,254,,,FALSE,,223,4,,100,s229,patron,C,,,,,,,,,
259,323,,,FALSE,,,,,100,s234,patron,S,,,,,,,,,
253,307,,,TRUE,,224,4,,100,s241,tipped staff,C,,,,,,,,,
262,270,,,TRUE,,224,4,,100,s242,tipped staff,C,,,,,,,,,
283,230,,,FALSE,,227,4,,100,s248,patron,C,,,,,,,,,
280,324,,,FALSE,,227,4,,100,s249,patron,C,,,,,,,,,
249,290,,,TRUE,,227,4,,100,s250,tipped staff,C,,,,,,,,,
255,211,,,TRUE,,227,4,,100,s251,tipped staff,C,,,,,,,,,
293,266,,,FALSE,,,,,100,s253,patron,S,,,,,,,,,
279,308,,,FALSE,,,,,100,t21,patron,,,,,-40,504,,,,
274,249,,,FALSE,,,,,100,t34,patron,,,,,-40,504,,,,
274,229,,,FALSE,,230,4,,100,t36,patron,,,,,-40,504,,,,
274,247,,,FALSE,,230,4,,100,t36-a,patron,,,,,-40,504,,,,
253,246,,,FALSE,,231,4,,100,t40,patron,C,,,,,,,,,
274,267,,,FALSE,,231,4,,100,t41,patron,C,,,,,,,,,
270,305,,,TRUE,,236,4,,100,v24,non-tipped,,,,,-40,504,,,,
268,323,,,TRUE,,236,4,,100,v24-a,non-tipped,,,,,-40,504,,,,
250,314,,,FALSE,,238,4,,100,w? [cut off],patron,GC,,,,,,,,,
278,278,,,FALSE,,238,4,,100,w35,patron,GC,,,,,,,,,
163,119,,,FALSE,,245,4,,100,w46,patron,S,,,,,,,,,
271,262,,,FALSE,,245,4,,100,w47,patron,S,,,,,,,,,
271,235.5,,,FALSE,,240,4,,100,w33,patron,GC,,,,,,,,,
271,235.5,,,FALSE,,240,4,,100,w34,patron,GC,,,,,,,,,
246,319,,,TRUE,,247,4,,100,w57,tipped staff,C,,,,,,,,,
247,310,,,TRUE,,247,4,,100,w58,tipped staff,C,,,,,,,,,
250,249,,,TRUE,,,,,100,w60,tipped staff,S,,,,,,,,,
255,198,,,TRUE,,251,4,,100,w65,tipped staff,S,,,,,,,,,
247,262,,,TRUE,,251,4,,100,w66,tipped staff,S,,,,,,,,,
263,253,,,TRUE,,248,4,,100,w6? [cut off],tipped staff,GC,,,,,,,,,
262,195,,,FALSE,,252,4,,100,w70,patron,GC,,,,,,,,,
260,298,,,FALSE,,252,4,,100,w70-a,patron,GC,,,,,,,,,
277,242,,,FALSE,,255,4,,100,w78,patron,S,,,,,,,,,
271,270,,,FALSE,,255,4,,100,w79,patron,S,,,,,,,,,
280,310,,,TRUE,,,,,100,w83,tipped staff,S,,,,,,,,,
247,220,,,TRUE,,256,4,,100,w88,tipped staff,C,,,,,,,,,
262,211,,,TRUE,,256,4,,100,w89,tipped staff,C,,,,,,,,,
246,307,,,TRUE,,257,4,,100,w97,tipped staff,GC,,,,,,,,,
266,268,,,TRUE,,257,4,,100,w98,tipped staff,GC,,,,,,,,,
256,234,,,FALSE,,258,4,,100,z10? [cut off],patron,GC,,,,,,,,,
272,260,,,FALSE,,258,4,,100,z11,patron,GC,,,,,,,,,
267,249,,,FALSE,,,,,100,z14,patron,GC,,,,,,,,,
279,258,,,FALSE,,,,,100,g8? [cut off],patron,S,,,,,,,,,
275,276,,,FALSE,,144,4,,100,l82,patron,,,,,-40,504,,,,
282,208,,male,FALSE,,50,4,,100,d11,patron,M,,,,,,,,,
266,237,,female,FALSE,,50,4,,100,d12,patron,M,,,,,,,,,
270,297,,,FALSE,,,,,100,y15?,patron,C,,,,,,,,,
273,232,,,FALSE,,,,,100,a49,patron,C,,,,,,,,,
259,201,,,FALSE,,,,,100,f42,patron,C,,,,,,,,,
260,241,,,FALSE,,111,4,,100,h71,patron,C,,,,,,,,,
277,260,,,FALSE,,111,4,,100,h71-a,patron,C,,,,,,,,,
276,204,,,FALSE,,105,4,,100,h139,patron,C,,,,,,,,,
246,309,,,FALSE,,105,4,,100,h139-a,patron,C,,,,,,,,,
252,302,,,FALSE,,143,4,,100,l80,patron,C,,,,,,,,,
264,232,,,FALSE,,143,4,,100,l81,patron,C,,,,,,,,,
255,308,,,FALSE,,,,,100,m67,patron,C,,,,,,,,,
266,265,,,FALSE,,,,,100,m92,patron,C,,,,,,,,,
266,237,,,FALSE,,155,4,,100,m142,patron,C,,,,,,,,,
270,205,,,FALSE,,155,4,,100,m143,patron,C,,,,,,,,,
258,271,,,FALSE,,232,4,,100,t45,patron,C,,,,,,,,,
279,267,,,FALSE,,232,4,,100,t45-a,patron,C,,,,,,,,,
269,274,,,FALSE,,,,,100,e19,patron,GC,,,,,,,,,
252,245,,,FALSE,,,,,100,c30? [cut off],patron,,,,,-40,504,,,,
265,245,,,FALSE,,,,,100,aaa?,patron,C,,,,,,,,,
249,257,,female,FALSE,,dayton aaa,2,,100,c89,patron,,,dayton aaa table ,,,,,,,
269,275,,female,FALSE,,,,,100,f37,patron,GC,,,,-40,504,,,,
248,281,,female,FALSE,,dayton aaa,2,,100,m149,patron,,,dayton aaa table ,,,,,,,
282,209,,,FALSE,,146,4,,100,m19? [cut off],patron,C,,,,,,,,,
272,320,,male,FALSE,,dayton aaa,2,,100,l92,patron,,,dayton aaa table ,,237.5,282,,,,
189,134,,,FALSE,,,,,100,257,patron,K,,,,,,empire room,,,
124,129,,female,FALSE,,,,,100,273,patron,K,,,,,,empire room,,,
159,130,,,FALSE,,,,,100,a00,patron,M,,,,,,empire room,,,
128,392,,male,FALSE,,,,,100,a26,patron,K,,,,,,Crystal Room 6,,,
104,238,,female,TRUE,,,,,100,a5,tipped staff,,,,,,,garden 4,,,
263,237,,female,FALSE,,,,,100,a6,patron,C,,,,,,cabaret room,,,
130,401,,female,FALSE,,,,,100,a8,patron,M,,,,,,Crystal Room 6,,,
267,308,,female,FALSE,,tristate road runners,2,,100,af12,patron,,,tristate road runners table 9,,,,cabaret room,,,
283,322,,female,FALSE,,dayton aaa,2,,100,al,patron,,,dayton aaa table ,,,,cabaret room,,,
260,279,,female,FALSE,,dayton aaa,2,,100,alr,patron,d,,dayton aaa table ,,,,cabaret room,,,
272,209,,female,FALSE,,dayton aaa,2,,100,am,patron,,,dayton aaa table ,,,,cabaret room,,,
275,229,,female,FALSE,,dayton aaa,2,,100,as,patron,d,,dayton aaa table ,,,,cabaret room,,,
272,256,,female,FALSE,,tristate road runners,2,,100,aw65,patron,,,tristate road runners table 7,,,,cabaret room,,,
258,252,29,female,FALSE,,,,,100,b11,patron,C,,,,,,cabaret room,,,
190,400,,female,FALSE,,b112,4,,100,b112a,patron,M,,,,,,Crystal Room 4,,,
206,400,,female,FALSE,,b154,4,,100,b154a,patron,M,,,,,,Crystal Room 4,,,
277,123,,male,FALSE,,b162,4,,100,b162a,patron,K,,,,,,Viennese Room,,,
144,81,,male,TRUE,,,,,100,b17,tipped staff,,,,,,,Main bar,,,
260,308,,female,TRUE,,,,,100,b18,tipped staff,,,,,,,cabaret room,,,
277,249,,female,FALSE,,,,,100,b19a,patron,GC,,,,,,cabaret room,,,
265,268,,female,FALSE,,,,,100,b19,patron,S,,,,,,cabaret room,,,
177,123,,male,TRUE,,,,,100,b2,tipped staff,,,,,,,empire room,,,
79,177,,male,TRUE,,,,,100,b20,tipped staff,,,,,,,kitchen,,,
204,397,,female,FALSE,,b201,4,,100,b201a,patron,M,,,,,,Crystal Room 4,,,
245,208,,female,FALSE,,,,,100,b218,patron,C,,,,,,cabaret room,,,
76,53,,male,FALSE,,,,,100,b223a,patron,S,,,,,,main dining,,,
70,70,,male,FALSE,,,,,100,b223,patron,K,,,,,,main dining,,,
162,132,,male,FALSE,,,,,100,b244a,patron,M,,,,,,Foyer,,,
257,282,,male,TRUE,,,,,100,b27,tipped staff,,,,,,,cabaret room,,,
126,265,,female,TRUE,,,,,100,b28,tipped staff,,,,,,,garden rooms,,,
186,86,,male,TRUE,,,,,100,b29,tipped staff,,,,,,,Main bar,,,
302,254,,male,TRUE,,,,,100,b3,tipped staff,,,,,,,on stage,,,
180,202,,female,TRUE,,,,,100,b36,tipped staff,,,,,,,hall outside garden 2,,,
296,270,,male,TRUE,,,,,100,b37,contractor,,,,,,,on stage,,,
80,226,,male,TRUE,,,,,100,b39,tipped staff,,,,,,,kitchen,,,
221,59,,female,TRUE,,,,,100,b4?,tipped staff,S,,,,,,zebra room,,,
248,234,,female,FALSE,,,,,100,b40,patron,GC,,,,,,cabaret room,,,
204,400,,female,FALSE,,,,,100,b42,patron,K,,,,,,Crystal Room 4,,,
256,300,,male,FALSE,,,,,100,b43,patron,C,,,,,,cabaret room,,,
252,216,,female,FALSE,,,,,100,b44,patron,C,,,,,,cabaret room,,,
224,43,,male,TRUE,,,,,100,b45,tipped staff,S,,,,,,garden 2,,,
69,72,,male,FALSE,,,,,100,b48a,patron,S,,,,,,main dining,,,
86,55,,male,TRUE,,,,,100,b48,tipped staff,K,,,,,,main dining,,,
279,280,,female,FALSE,,,,,100,b49,patron,C,,,,,,cabaret room,,,
84,55,,female,TRUE,,,,,100,b5,tipped staff,,,,,,,main dining,,,
254,205,,female,FALSE,,,,,100,b51,patron,C,,,,,,cabaret room,,,
141,136,,male,FALSE,,,,,100,b52,patron,M,,,,,,Foyer,,,
250,208,,female,FALSE,,,,,100,b55,patron,C,,,,,,cabaret room,,,
211,391,,male,FALSE,,,,,100,b56,patron,K,,,,,,Crystal Room 4,,,
273,270,,female,TRUE,,,,,100,b59,non-tipped,,,,,,,cabaret room,,,
263,228,,female,FALSE,,,,,100,b60,patron,C,,,,,,cabaret room,,,
251,219,,male,FALSE,,,,,100,b61,patron,C,,,,,,cabaret room,,,
193,111,,,FALSE,,,,,100,b62,patron,M,,,,,,empire room,,,
126,119,,,FALSE,,,,,100,b66,patron,M,,,,,,empire room,,,
249,245,,male,FALSE,,,,,100,b67,patron,C,,,,,,cabaret room,,,
159,133,,male,FALSE,,b68,4,,100,b68,patron,M,,,,,,empire room,,,
189,114,,male,FALSE,,b68,4,,100,b68a,patron,M,,,,,,empire room,,,
207,127,,male,FALSE,,b69,4,,100,b69,patron,K,,,,,,empire room,,,
126,126,,male,FALSE,,b69,4,,100,b69a,patron,K,,,,,,empire room,,,
207,115,,male,FALSE,,,,,100,b71,patron,K,,,,,,empire room,,,
156,113,,male,FALSE,,b72,4,,100,b72,patron,M,,,,,,empire room,,,
192,125,,male,FALSE,,b72,4,,100,b72a,patron,M,,,,,,empire room,,,
204,399,,female,FALSE,,,,,100,b74,patron,K,,,,,,Crystal Room 4,,,
193,389,,female,FALSE,,,,,100,b75,patron,M,,,,,,Crystal Room 4,,,
297,263,,male,TRUE,,,,,100,b77,contractor,S,,,,,,on stage,,,
269,312,,male,FALSE,,b78,4,,100,b78,patron,S,,,,,,cabaret room,,,
283,289,,male,FALSE,,b78,4,,100,b78a,patron,S,,,,,,cabaret room,,,
262,289,,male,FALSE,,,,,100,b81,patron,GC,,,,,,cabaret room,,,
84,47,,female,FALSE,,,,,100,b84,patron,K,,,,,,main dining,,,
73,64,,female,FALSE,,,,,100,b84?,patron,S,,,,,,main dining,,,
272,318,,female,FALSE,,tristate road runners,2,,100,bb28,patron,d,,tristate road runners table 3,,,,cabaret room,,,
271,306,,male,FALSE,,tristate road runners,2,,100,bb29,patron,d,,tristate road runners table 3,,,,cabaret room,,,
258,323,,female,FALSE,,tristate road runners,2,,100,be63,patron,,,tristate road runners table 2,,,,cabaret room,,,
260,262,,male,FALSE,,tristate road runners,2,,100,be64,patron,,,tristate road runners table 2,,,,cabaret room,,,
275,287,,female,FALSE,,tristate road runners,2,,100,be78,patron,,,tristate road runners table 6,,,,cabaret room,,,
278,278,,female,FALSE,,dayton aaa,2,,100,bh1,patron,d,,dayton aaa table ,,,,cabaret room,,,
253,219,,female,FALSE,,dayton aaa,2,,100,bh,patron,d,,dayton aaa table ,,,,cabaret room,,,
262,264,,male,FALSE,,tristate road runners,2,,100,bj27,patron,,,tristate road runners table 8,,,,cabaret room,,,
247,216,,female,FALSE,,dayton aaa,2,,100,bml,patron,,,dayton aaa table ,,,,cabaret room,,,
247,228,,female,FALSE,,dayton aaa,2,,100,bp,patron,d,,dayton aaa table ,,,,cabaret room,,,
253,235,,female,FALSE,,dayton aaa,2,,100,bw1,patron,d,,dayton aaa table ,,,,cabaret room,,,
267,306,,female,FALSE,,dayton aaa,2,,100,bw,patron,d,,dayton aaa table ,,,,cabaret room,,,
277,100,,male,TRUE,,,,,100,c11,non-tipped,M,,,,,,Viennese Room,,,
174,69,,female,TRUE,,,,,100,c12,non-tipped,,,,,,,Main bar,,,
148,248,,female,TRUE,,,,,100,c17,non-tipped,M,,,,,,cabaret room/service bar,,,
284,178,,male,TRUE,,,,,100,c18,tipped staff,,,,,,,between kitchen & main dining,,,
71,163,,male,TRUE,,,,,100,c2,non-tipped,,,,,,,kitchen,,,
278,208,,female,TRUE,,,,,100,c22,tipped staff,M,,,,,,cabaret room,,,
255,236,,male,TRUE,,c26,4,,100,c26,tipped staff,C,,,,,,cabaret room,,,
68,90,,female,TRUE,,c26,4,,100,c26a,non-tipped,,,,,,,gift shop,,,
255,92,,male,FALSE,,c29,4,,100,c29,patron,GC,,,,,,Viennese Room,,,
262,102,,male,FALSE,,c29,4,,100,c29a,patron,GC,,,,,,Viennese Room,,,
155,114,,female,FALSE,,,,,100,c3a,patron,S,,,,,,empire room,,,
274,260,,male,FALSE,,,,,100,c3,patron,GC,,,,,,cabaret room,,,
268,213,,female,FALSE,,,,,100,c30,patron,C,,,,,,cabaret room,,,
270,271,52,male,FALSE,,,,,100,c4,patron,C,,,,,,cabaret room,,,
263,218,51,female,FALSE,,,,,100,c5,patron,C,,,,,,cabaret room,,,
270,244,,female,FALSE,,,,,100,c6,patron,C,,,,,,cabaret room,,,
267,62,,female,FALSE,,c68,4,,100,c68a,patron,GC,,,,,,Viennese Room,,,
251,249,,female,TRUE,,,,,100,c8,non-tipped,,,,,,,cabaret room,,,
271,305,,male,FALSE,,,,,100,c93,patron,S,,,,,,cabaret room,,,
271,311,,female,FALSE,,,,,100,c94,patron,S,,,,,,cabaret room,,,
263,258,,female,FALSE,,dayton aaa,2,,100,cb,patron,,,dayton aaa table ,,,,cabaret room,,,
258,247,,male,FALSE,,dayton aaa,2,,100,cs,patron,d,,dayton aaa table ,,,,cabaret room,,,
261,257,,male,FALSE,,tristate road runners,2,,100,cs74,patron,,,tristate road runners table 1,,,,cabaret room,,,
272,303,,female,FALSE,,tristate road runners,2,,100,cs75,patron,,,tristate road runners table 1,,,,cabaret room,,,
277,215,30,female,FALSE,,,,,100,d1,patron,C,,,,,,cabaret room,,,
135,70,,male,FALSE,,,,,100,s4,patron,M,,,,,,Main bar,,,
150,76,,male,FALSE,,,,,100,T4,patron,M,,,,,,Main bar,,,
259,222,,female,FALSE,,d16,4,,100,d16a,patron,GC,,,,,,cabaret room,,,
175,124,,male,FALSE,,d21,4,,100,d21,patron,S,,,,,,empire room,,,
161,131,,female,FALSE,,d21,4,,100,d21a,patron,S,,,,,,empire room,,,
147,130,,female,FALSE,,,,,100,d29,patron,G2,,,,,,empire room,,,
255,253,,female,FALSE,,,,,100,d3,patron,C,,,,,,cabaret room,,,
261,198,,male,FALSE,,d32,4,,100,d32,patron,S,,,,,,cabaret room,,,
272,302,,female,FALSE,,d32,4,,100,d32a,patron,S,,,,,,cabaret room,,,
282,298,,male,FALSE,,,,,100,d34,patron,GC,,,,,,cabaret room,,,
201,396,,male,FALSE,,,,,100,d35,patron,G1,,,,,,Crystal Room 4,,,
171,433,,female,TRUE,,,,,100,d4,non-tipped,M,,,,,,front desk,,,
175,113,,male,TRUE,,,,,100,d9,non-tipped,S,,,,,,empire room,,,
256,290,,female,FALSE,,dayton aaa,2,,100,d94,patron,,,dayton aaa table ,,,,cabaret room,,,
263,287,,female,FALSE,,dayton aaa,2,,100,d95,patron,,,dayton aaa table ,,,,cabaret room,,,
247,92,,male,FALSE,,j17,4,,100,j17,patron,M,,,,,,Viennese Room,,,
268,120,,male,FALSE,,,,,100,d97,patron,K,,,,,,Viennese Room,,,
265,101,,female,FALSE,,j17,4,,100,j17a,patron,M,,,,,,Viennese Room,,,
175,117,,female,FALSE,,,,,100,d98,patron,K,,,,,,empire room,,,
255,316,,female,FALSE,,dayton aaa,2,,100,db,patron,d,,dayton aaa table ,,,,cabaret room,,,
257,251,,female,FALSE,,tristate road runners,2,,100,db18,patron,,,tristate road runners table 8,,,,cabaret room,,,
276,275,,female,FALSE,,tristate road runners,2,,100,db76,patron,,,tristate road runners table 6,,,,cabaret room,,,
277,284,,female,FALSE,,dayton aaa,2,,100,di,patron,d,,dayton aaa table ,,,,cabaret room,,,
121,397,,female,FALSE,,,,,100,e11,patron,K,,,,,,Crystal Room 6,,,
261,283,27,female,FALSE,,,,,100,e2,patron,C,,,,,,cabaret room,,,
188,392,,female,FALSE,,e20,4,,100,e20,patron,K,,,,,,Crystal Room 4,,,
193,391,,female,FALSE,,e20,4,,100,e20a,patron,K,,,,,,Crystal Room 4,,,
189,404,,female,FALSE,,e24,4,,100,e24,patron,K,,,,,,Crystal Room 4,,,
193,398,,female,FALSE,,e24,4,,100,e24a,patron,K,,,,,,Crystal Room 4,,,
277,239,,female,FALSE,,,,,100,e5,patron,C,,,,,,cabaret room,,,
257,288,,female,FALSE,,,,,100,e8,patron,GC,,,,,,cabaret room,,,
266,206,,female,FALSE,,,,,100,e9,patron,GC,,,,,,cabaret room,,,
269,220,,female,FALSE,,tristate road runners,2,,100,ec47,patron,,,tristate road runners table 2,,,,cabaret room,,,
274,272,,female,FALSE,,tristate road runners,2,,100,ed5,patron,,,tristate road runners table 1,,,,cabaret room,,,
255,298,,female,FALSE,,dayton aaa,2,,100,ef,patron,,,dayton aaa table ,,,,cabaret room,,,
267,245,,female,FALSE,,tristate road runners,2,,100,eh48,patron,,,tristate road runners table 1,,,,cabaret room,,,
267,266,,female,FALSE,,dayton aaa,2,,100,el,patron,d,,dayton aaa table ,,,,cabaret room,,,
273,256,,female,FALSE,,dayton aaa,2,,100,er,patron,d,,dayton aaa table ,,,,cabaret room,,,
271,288,,female,FALSE,,tristate road runners,2,,100,er2,patron,,,tristate road runners table 9,,,,cabaret room,,,
254,288,,female,FALSE,,dayton aaa,2,,100,es,patron,d,,dayton aaa table ,,,,cabaret room,,,
156,216,,female,TRUE,,,,,100,f10,tipped staff,C,,,,,,cabaret room/service bar,,,
173,258,,female,TRUE,,,,,100,f11,non-tipped,,,,,,,cabaret room/service bar,,,
264,283,,female,FALSE,,,,,100,f12,patron,GC,,,,,,cabaret room,,,
134,95,,female,TRUE,,,,,100,f13,tipped staff,S,,,,,,Foyer,,,
245,231,,female,FALSE,,,,,100,f14,patron,GC,,,,,,cabaret room,,,
291,248,,female,TRUE,,,,,100,f16,contractor,,,,,,,on stage,,,
257,232,,female,TRUE,,,,,100,f17,non-tipped,,,,,,,cabaret room,,,
264,306,,female,FALSE,,,,,100,f21,patron,C,,,,,,cabaret room,,,
264,245,,male,FALSE,,f23,4,,100,f23,patron,S,,,,,,cabaret room,,,
257,286,,female,FALSE,,f23,4,,100,f23a,patron,S,,,,,,cabaret room,,,
279,318,,male,FALSE,,f25,4,,100,f25,patron,C,,,,,,cabaret room,,,
279,241,,female,FALSE,,f25,4,,100,f25a,patron,C,,,,,,cabaret room,,,
143,132,,male,FALSE,,f27,4,,100,f27,patron,M,,,,,,empire room,,,
163,115,,female,FALSE,,f27,4,,100,f27a,patron,M,,,,,,empire room,,,
155,70,,male,FALSE,,f28,4,,100,f28,patron,M,,,,,,Foyer,,,
142,59,,female,FALSE,,f28,4,,100,f28a,patron,M,,,,,,Foyer,,,
248,53,,male,FALSE,,f29,4,,100,f29,patron,M,,,,,,Viennese Room,,,
269,121,,female,FALSE,,f29,4,,100,f29a,patron,M,,,,,,Viennese Room,,,
253,77,,male,FALSE,,f29,4,,100,f29b,patron,M,,,,,,Viennese Room,,,
161,53,,male,TRUE,,,,,100,f3,tipped staff,,,,,,,idk all over,,,
245,132,,male,FALSE,,f30,4,,100,f30,patron,S,,,,,,Viennese Room,,,
278,122,,female,FALSE,,f30,4,,100,f30a,patron,S,,,,,,Viennese Room,,,
274,269,,female,FALSE,,,,,100,f38,patron,GC,,,,,,cabaret room,,,
192,397,,female,FALSE,,,,,100,f41,patron,K,,,,,,Crystal Room 4,,,
157,229,,male,TRUE,,,,,100,f6,tipped staff,,,,,,,garden 3,,,
247,323,,female,FALSE,,,,,100,f87,patron,GC,,,,,,cabaret room,,,
263,256,,female,TRUE,,,,,100,f90,tipped staff,,,,,,,cabaret room,,,
207,416,,female,FALSE,,,,,100,f91a,patron,S,,,,,,2nd floor dressing,,,
206,396,,female,TRUE,,,,,100,f91,tipped staff,M,,,,,,Crystal Room 4,,,
194,403,,female,FALSE,,,,,100,f92,patron,K,,,,,,Crystal Room 4,,,
280,281,,female,FALSE,,tristate road runners,2,,100,fb49,patron,,,tristate road runners table 1,,,,cabaret room,,,
267,211,,male,FALSE,,tristate road runners,2,,100,fc34,patron,d,,tristate road runners table 4,,,,cabaret room,,,
257,199,,female,FALSE,,tristate road runners,2,,100,fc35,patron,d,,tristate road runners table 4,,,,cabaret room,,,
253,202,,female,FALSE,,dayton aaa,2,,100,fd,patron,,,dayton aaa table ,,,,cabaret room,,,
255,292,,male,FALSE,,tristate road runners,2,,100,ff42,patron,,,tristate road runners table 8,,,,cabaret room,,,
253,250,,male,FALSE,,dayton aaa,2,,100,fh,patron,d,,dayton aaa table ,,,,cabaret room,,,
275,242,,male,FALSE,,dayton aaa,2,,100,fw,patron,d,,dayton aaa table ,,,,cabaret room,,,
275,233,,female,FALSE,,tristate road runners,2,,100,fw15,patron,,,tristate road runners table 8,,,,cabaret room,,,
152,76,,female,TRUE,,,,,100,g1,tipped staff,S,,,,,,Main bar,,,
248,228,,female,FALSE,,,,,100,g10,patron,S,,,,,,cabaret room,,,
170,410,,male,TRUE,,,,,100,g11,contractor,S,,,,,,hallway btwn crystal rooms,,,
254,228,,female,FALSE,,,,,100,g12,patron,S,,,,,,cabaret room,,,
262,215,,female,FALSE,,g13,4,,100,g13,patron,S,,,,,,cabaret room,,,
263,210,,female,FALSE,,g13,4,,100,g13a,patron,S,,,,,,cabaret room,,,
136,133,,male,FALSE,,g14,4,,100,g14,patron,M,,,,,,empire room,,,
142,126,,female,FALSE,,g14,4,,100,g14a,patron,M,,,,,,empire room,,,
93,69,,male,FALSE,,,,,100,g15,patron,K,,,,,,main dining,,,
87,59,,male,FALSE,,,,,100,g18,patron,K,,,,,,main dining,,,
81,218,,male,TRUE,,,,,100,g2,non-tipped,S,,,,,,kitchen bar,,,
191,401,,female,FALSE,,,,,100,g21,patron,K,,,,,,Crystal Room 4,,,
146,392,,female,TRUE,,,,,100,g23,contractor,K,,,,,,Crystal Room 6,,,
259,110,,female,FALSE,,,,,100,g31,patron,M,,,,,,Viennese Room,,,
243,83,,female,FALSE,,,,,100,g33,patron,GC,,,,,,Viennese Room,,,
209,400,,female,FALSE,,,,,100,g36,patron,K,,,,,,Crystal Room 4,,,
83,188,,male,FALSE,,,,,100,g4a,patron,S,,,,,,kitchen,,,
256,289,,female,FALSE,,,,,100,g4,patron,S,,,,,,cabaret room,,,
68,62,,male,FALSE,,,,,100,g52,patron,K,,,,,,main dining,,,
261,208,,female,FALSE,,dayton aaa,2,,100,g68,patron,,,dayton aaa table ,,,,cabaret room,,,
282,222,,female,FALSE,,dayton aaa,2,,100,g87,patron,,,dayton aaa table ,,,,cabaret room,,,
286,270,,female,TRUE,,,,,100,g9,contractor,,,,,,,on stage,,,
270,313,,female,FALSE,,dayton aaa,2,,100,g90,patron,,,dayton aaa table ,,,,cabaret room,,,
91,58,,female,FALSE,,,,,100,g92,patron,K,,,,,,main dining,,,
76,57,,female,FALSE,,,,,100,g92?,patron,S,,,,,,main dining,,,
256,307,,male,FALSE,,,,,100,g94,patron,S,,,,,,cabaret room,,,
256,303,,female,FALSE,,dayton aaa,2,,100,gh,patron,,,dayton aaa table ,,,,cabaret room,,,
270,303,,female,FALSE,,dayton aaa,2,,100,gkt,patron,d,,dayton aaa table ,,,,cabaret room,,,
277,241,,female,FALSE,,dayton aaa,2,,100,gl,patron,,,dayton aaa table ,,,,cabaret room,,,
264,225,,female,FALSE,,tristate road runners,2,,100,gp44,patron,d,,tristate road runners table 3,,,,cabaret room,,,
262,319,,male,FALSE,,tristate road runners,2,,100,gp45,patron,d,,tristate road runners table 3,,,,cabaret room,,,
249,214,,female,FALSE,,tristate road runners,2,,100,gt59,patron,,,tristate road runners table 9,,,,cabaret room,,,
264,259,,female,FALSE,,dayton aaa,2,,100,gw,patron,d,,dayton aaa table ,,,,cabaret room,,,
270,286,,male,FALSE,,tristate road runners,2,,100,gwc1,patron,,,tristate road runners table 11,,,,cabaret room,,,
254,287,,female,FALSE,,tristate road runners,2,,100,gwc2,patron,,,tristate road runners table 11,,,,cabaret room,,,
234,173,,female,TRUE,,,,,100,h10,tipped staff,,,,,,,hall,,,
67,66,,male,TRUE,,,,,100,h11,tipped staff,,,,,,,main dining,,,
93,150,,male,TRUE,,,,,100,h12,non-tipped,S,,,,,,kitchen,,,
272,280,,female,TRUE,,,,,100,h14,non-tipped,M,,,,,,cabaret room,,,
233,230,,female,TRUE,,,,,100,h15,tipped staff,GC,,,,,,hall/cabaret room doors,,,
135,122,,female,TRUE,,,,,100,h16,tipped staff,S,,,,,,empire room,,,
82,74,,female,TRUE,,,,,100,h18,tipped staff,K,,,,,,main dining,,,
256,233,,female,TRUE,,,,,100,h20,non-tipped,,,,,,,cabaret room,,,
134,34,,female,TRUE,,,,,100,h21,non-tipped,,,,,,,crystal rooms,,,
223,45,,male,TRUE,,,,,100,h22,tipped staff,,,,,,,garden 2,,,
272,251,,male,FALSE,,,,,100,h24,patron,S,,,,,,cabaret room,,,
192,392,,male,FALSE,,,,,100,h26,patron,K,,,,,,Crystal Room 4,,,
196,400,,female,FALSE,,h29,4,,100,h29,patron,K,,,,,,Crystal Room 4,,,
191,395,,female,FALSE,,h29,4,,100,h29a,patron,K,,,,,,Crystal Room 4,,,
95,65,,male,FALSE,,,,,100,h32,patron,K,,,,,,main dining,,,
245,201,,male,TRUE,,,,,100,h33,non-tipped,,,,,,,cabaret room,,,
76,75,,female,FALSE,,,,,100,h34,patron,K,,,,,,main dining,,,
111,219,,male,TRUE,,,,,100,h36,tipped staff,,,,,,,garden 3,,,
266,285,,female,FALSE,,h37,4,,100,h37,patron,C,,,,,,cabaret room,,,
265,234,,male,FALSE,,h37,4,,100,h37a,patron,C,,,,,,cabaret room,,,
253,270,,male,FALSE,,,,,100,h38,patron,S,,,,,,cabaret room,,,
261,262,,male,FALSE,,,,,100,h40a,patron,C,,,,,,cabaret room,,,
145,133,,female,FALSE,,,,,100,h40,patron,M,,,,,,Foyer,,,
248,239,,female,FALSE,,,,,100,h41,patron,S,,,,,,cabaret room,,,
193,113,,male,FALSE,,h42,4,,100,h42,patron,M,,,,,,empire room,,,
204,123,,female,FALSE,,h42,4,,100,h42a,patron,,,,,,,empire room,,,
133,112,,female,FALSE,,,,,100,h44,patron,K,,,,,,empire room,,,
236,102,,female,FALSE,,,,,100,h45,patron,,,,,,,hall by empire,,,
250,285,,male,FALSE,,h47,4,,100,h47,patron,C,,,,,,cabaret room,,,
264,267,,female,FALSE,,h47,4,,100,h47a,patron,C,,,,,,cabaret room,,,
127,117,,female,FALSE,,,,,100,h51,patron,G2,,,,,,empire room,,,
261,249,,male,FALSE,,,,,100,h52,patron,S,,,,,,cabaret room,,,
251,81,,male,FALSE,,j17,4,,100,j17b,patron,M,,,,,,Viennese Room,,,
68,188,,male,FALSE,,,,,100,n4,patron,,,,,,,kitchen bar,,,
258,241,,male,FALSE,,,,,100,h56,patron,C,,,,,,cabaret room,,,
282,223,,male,FALSE,,,,,100,h59,patron,C,,,,,,cabaret room,,,
200,244,,female,TRUE,,,,,100,h6,tipped staff,,,,,,,garden 1,,,
259,251,,female,FALSE,,,,,100,h60,patron,C,,,,,,cabaret room,,,
273,196,,male,FALSE,,,,,100,h61,patron,C,,,,,,cabaret room,,,
245,285,,female,FALSE,,,,,100,h62,patron,C,,,,,,cabaret room,,,
89,73,,female,TRUE,,,,,100,h63,tipped staff,,,,,,,main dining,,,
258,270,64,female,FALSE,,,,,100,h67,patron,C,,,,,,cabaret room,,,
246,300,24,female,FALSE,,,,,100,h8,patron,C,,,,,,cabaret room,,,
256,319,,female,FALSE,,tristate road runners,2,,100,ha46,patron,,,tristate road runners table 2,,,,cabaret room,,,
274,242,,female,FALSE,,tristate road runners,2,,100,he77,patron,,,tristate road runners table 6,,,,cabaret room,,,
247,312,,female,FALSE,,tristate road runners,2,,100,hf4,patron,,,tristate road runners table 7,,,,cabaret room,,,
278,205,,female,FALSE,,tristate road runners,2,,100,hf9,patron,d,,tristate road runners table 2,,,,cabaret room,,,
265,246,,male,FALSE,,dayton aaa,2,,100,hp1,patron,d,,dayton aaa table ,,,,cabaret room,,,
250,198,,female,FALSE,,dayton aaa,2,,100,hp2,patron,d,,dayton aaa table ,,,,cabaret room,,,
262,199,,male,FALSE,,,,,100,i1,patron,C,,,,,,cabaret room,,,
193,117,,female,FALSE,,,,,100,i3,patron,M,,,,,,empire room,,,
211,400,,female,FALSE,,,,,100,i9,patron,M,,,,,,Crystal Room 4,,,
275,260,,female,FALSE,,dayton aaa,2,,100,id,patron,,,dayton aaa table ,,,,cabaret room,,,
58,188,,male,TRUE,,,,,100,j1,non-tipped,,,,,,,kitchen,,,
194,388,,male,FALSE,,,,,100,j11,patron,M,,,,,,Crystal Room 4,,,
263,209,,male,FALSE,,,,,100,j12,patron,S,,,,,,cabaret room,,,
279,247,,female,FALSE,,,,,100,j13,patron,C,,,,,,cabaret room,,,
255,241,,female,FALSE,,,,,100,j14,patron,C,,,,,,cabaret room,,,
208,405,,female,FALSE,,,,,100,j15,patron,M,,,,,,Crystal Room 4,,,
279,298,,male,FALSE,,,,,100,j16,patron,S,,,,,,cabaret room,,,
150,75,,female,TRUE,,,,,100,r115,tipped staff,M,,,,,,Main bar,,,
137,72,,male,TRUE,,,,,100,r116,tipped staff,M,,,,,,Main bar,,,
216,45,,male,FALSE,,,,,100,j18,patron,,,,,,,garden 2,,,
225,58,,male,TRUE,,,,,100,j2,tipped staff,C,,,,,,zebra room,,,
250,301,,male,FALSE,,j22,4,,100,j22,patron,GC,,,,,,cabaret room,,,
266,300,,male,FALSE,,j22,4,,100,j22a,patron,GC,,,,,,cabaret room,,,
93,220,,male,TRUE,,,,,100,j3,non-tipped,,,,,,,kitchen,,,
74,54,,male,TRUE,,,,,100,j50,tipped staff,S,,,,,,main dining,,,
265,227,,male,FALSE,,,,,100,j51,patron,S,,,,,,cabaret room,,,
260,212,,male,FALSE,,,,,100,j52,patron,C,,,,,,cabaret room,,,
203,399,,male,FALSE,,,,,100,j53,patron,K,,,,,,Crystal Room 4,,,
256,219,,female,TRUE,,,,,100,j6,tipped staff,S,,,,,,cabaret room,,,
59,143,,male,TRUE,,,,,100,j8,non-tipped,,,,,,,kitchen,,,
250,211,,male,FALSE,,j9,4,,100,j9,patron,GC,,,,,,cabaret room,,,
281,242,,female,FALSE,,j9,4,,100,j9a,patron,GC,,,,,,cabaret room,,,
250,252,,female,FALSE,,dayton aaa,2,,100,jb,patron,d,,dayton aaa table ,,,,cabaret room,,,
254,225,,female,FALSE,,tristate road runners,2,,100,jc1,patron,,,tristate road runners table 10,,,,cabaret room,,,
270,229,,female,FALSE,,tristate road runners,2,,100,jc2,patron,,,tristate road runners table 10,,,,cabaret room,,,
258,217,,female,FALSE,,tristate road runners,2,,100,jd80,patron,,,tristate road runners table 6,,,,cabaret room,,,
258,304,,male,FALSE,,tristate road runners,2,,100,jd81,patron,,,tristate road runners table 6,,,,cabaret room,,,
265,318,,male,FALSE,,tristate road runners,2,,100,jf68,patron,d,,tristate road runners table 4,,,,cabaret room,,,
256,222,,female,FALSE,,tristate road runners,2,,100,jf69,patron,,,tristate road runners table 4,,,,cabaret room,,,
251,276,,male,FALSE,,tristate road runners,2,,100,jr21,patron,,,tristate road runners table 8,,,,cabaret room,,,
270,205,,female,FALSE,,tristate road runners,2,,100,jr22,patron,,,tristate road runners table 8,,,,cabaret room,,,
262,243,,female,FALSE,,tristate road runners,2,,100,jr24,patron,,,tristate road runners table 2,,,,cabaret room,,,
269,300,,male,FALSE,,tristate road runners,2,,100,jr61,patron,d,,tristate road runners table 3,,,,cabaret room,,,
256,303,,female,FALSE,,tristate road runners,2,,100,jr62,patron,d,,tristate road runners table 3,,,,cabaret room,,,
246,206,,male,FALSE,,tristate road runners,2,,100,js1,patron,,,tristate road runners table 10,,,,cabaret room,,,
283,261,,female,FALSE,,tristate road runners,2,,100,js2,patron,,,tristate road runners table 10,,,,cabaret room,,,
267,272,,female,FALSE,,tristate road runners,2,,100,js3,patron,,,tristate road runners table 10,,,,cabaret room,,,
266,215,,male,FALSE,,tristate road runners,2,,100,jt38,patron,,,tristate road runners table 5,,,,cabaret room,,,
267,291,,female,FALSE,,tristate road runners,2,,100,jt39,patron,,,tristate road runners table 5,,,,cabaret room,,,
147,68,,male,TRUE,,,,,100,k1,tipped staff,S,,,,,,Main bar,,,
146,31,,male,TRUE,,,,,100,k11,non-tipped,S,,,,,,crystal rooms,,,
263,253,,female,TRUE,,,,,100,k14,non-tipped,,,,,,,cabaret room,,,
269,273,,male,FALSE,,,,,100,k15,patron,GC,,,,,,cabaret room,,,
274,304,,female,FALSE,,,,,100,k16,patron,GC,,,,,,cabaret room,,,
277,282,,female,FALSE,,,,,100,k17,patron,GC,,,,,,cabaret room,,,
257,324,,male,FALSE,,k18,4,,100,k18,patron,S,,,,,,cabaret room,,,
281,247,,female,FALSE,,k18,4,,100,k18a,patron,S,,,,,,cabaret room,,,
100,77,,female,FALSE,,,,,100,k19,patron,K,,,,,,main dining,,,
80,64,,male,FALSE,,,,,100,k20,patron,K,,,,,,main dining,,,
154,67,,female,FALSE,,,,,100,k21,patron,M,,,,,,Foyer,,,
266,278,,female,FALSE,,,,,100,k22,patron,S,,,,,,cabaret room,,,
253,313,,female,FALSE,,,,,100,k23,patron,S,,,,,,cabaret room,,,
256,228,,female,FALSE,,k25,4,,100,k25,patron,S,,,,,,cabaret room,,,
269,200,,male,FALSE,,k25,4,,100,k25a,patron,S,,,,,,cabaret room,,,
187,404,,male,FALSE,,,,,100,k28,patron,K,,,,,,Crystal Room 4,,,
136,127,,,FALSE,,k29,4,,100,k29,patron,G2,,,,,,empire room,,,
199,121,,female,FALSE,,k29,4,,100,k29a,patron,G2,,,,,,empire room,,,
191,125,,female,FALSE,,,,,100,k30,patron,M,,,,,,empire room,,,
282,307,,male,FALSE,,,,,100,k31,patron,S,,,,,,cabaret room,,,
255,279,,female,FALSE,,,,,100,k32,patron,S,,,,,,cabaret room,,,
98,50,,female,FALSE,,,,,100,k34,patron,K,,,,,,main dining,,,
306,213,,male,TRUE,,,,,100,k7,non-tipped,M,,,,,,show room,,,
273,227,,female,FALSE,,,,,100,k8,patron,C,,,,,,cabaret room,,,
154,140,,male,FALSE,,,,,100,k87,patron,M,,,,,,Foyer,,,
69,181,,female,TRUE,,,,,100,k9,tipped staff,,,,,,,kitchen,,,
276,293,,female,FALSE,,dayton aaa,2,,100,ka,patron,,,dayton aaa table ,,,,cabaret room,,,
260,239,,female,FALSE,,tristate road runners,2,,100,kc33,patron,,,tristate road runners table 6,,,,cabaret room,,,
250,286,,female,FALSE,,tristate road runners,2,,100,kl40,patron,,,tristate road runners table 7,,,,cabaret room,,,
71,201,,male,TRUE,,,,,100,l11,non-tipped,S,,,,,,kitchen,,,
281,224,23,female,FALSE,,,,,100,l12,patron,C,,,,,,cabaret room,,,
165,137,,female,FALSE,,,,,100,l16,patron,M,,,,,,Foyer,,,
246,278,,male,FALSE,,,,,100,l19,patron,GC,,,,,,cabaret room,,,
282,291,,female,FALSE,,,,,100,l2,patron,C,,,,,,cabaret room,,,
263,215,,female,FALSE,,,,,100,l20,patron,S,,,,,,cabaret room,,,
275,233,,male,FALSE,,,,,100,l22,patron,C,,,,,,cabaret room,,,
249,203,,female,FALSE,,,,,100,l26,patron,GC,,,,,,cabaret room,,,
208,166,,female,TRUE,,,,,100,l4,non-tipped,,,,,,,? in back,,,
144,391,,male,FALSE,,,,,100,l6,patron,K,,,,,,Crystal Room 6,,,
135,35,,male,TRUE,,,,,100,l7,non-tipped,,,,,,,crystal rooms,,,
132,392,,female,FALSE,,,,,100,l8,patron,K,,,,,,Crystal Room 6,,,
212,400,,female,FALSE,,l89,4,,100,l89,patron,K,,,,,,Crystal Room 4,,,
198,390,,female,FALSE,,l89,4,,100,l89a,patron,K,,,,,,Crystal Room 4,,,
262,275,,female,TRUE,,,,,100,l9,contractor,M,,,,,,cabaret room,,,
263,237,,female,FALSE,,,,,100,l9a,patron,S,,,,,,cabaret room,,,
269,264,,female,FALSE,,dayton aaa,2,,100,l91,patron,,,dayton aaa table ,,,,cabaret room,,,
99,72,,male,FALSE,,l93,4,,100,l93,patron,K,,,,,,main dining,,,
67,67,,female,FALSE,,l93,4,,100,l93a,patron,K,,,,,,main dining,,,
253,292,23,male,FALSE,,,,,100,l98,patron,C,,,,,,cabaret room,,,
260,283,,female,FALSE,,tristate road runners,2,,100,las,patron,,,tristate road runners table 10,,,,cabaret room,,,
248,246,,female,FALSE,,tristate road runners,2,,100,lb14,patron,,,tristate road runners table 7,,,,cabaret room,,,
252,212,,female,FALSE,,tristate road runners,2,,100,lc,patron,,,tristate road runners table 10,,,,cabaret room,,,
247,232,,female,FALSE,,dayton aaa,2,,100,lh,patron,,,dayton aaa table ,,,,cabaret room,,,
260,254,,female,FALSE,,tristate road runners,2,,100,lh30,patron,,,tristate road runners table 9,,,,cabaret room,,,
258,279,,female,FALSE,,dayton aaa,2,,100,lj,patron,d,,dayton aaa table ,,,,cabaret room,,,
279,289,,female,FALSE,,dayton aaa,2,,100,ll,patron,d,,dayton aaa table ,,,,cabaret room,,,
252,247,,male,FALSE,,tristate road runners,2,,100,lm10,patron,,,tristate road runners table 5,,,,cabaret room,,,
263,208,,female,FALSE,,tristate road runners,2,,100,lm11,patron,,,tristate road runners table 5,,,,cabaret room,,,
257,236,,female,FALSE,,dayton aaa,2,,100,lo,patron,,,dayton aaa table ,,,,cabaret room,,,
194,44,,male,TRUE,,,,,100,m10,tipped staff,S,,,,,,bathroom,,,
254,322,,female,FALSE,,m117,4,,100,m117a,patron,C,,,,,,cabaret room,,,
274,119,,male,TRUE,,,,,100,m12,contractor,M,,,,,,Viennese Room,,,
187,85,,male,TRUE,,,,,100,m5,tipped staff,K,,,,,,Main bar,,,
274,47,,male,FALSE,,,,,100,m9,patron,,,,,,,Viennese Room,,,
266,276,,female,FALSE,,,,,100,m145,patron,GC,,,,,,cabaret room,,,
259,232,,male,FALSE,,dayton aaa,2,,100,m146,patron,,,dayton aaa table ,,,,cabaret room,,,
275,275,,male,FALSE,,dayton aaa,2,,100,m147,patron,,,dayton aaa table ,,,,cabaret room,,,
271,204,,male,FALSE,,dayton aaa,2,,100,m148,patron,,,dayton aaa table ,,,,cabaret room,,,
211,396,,female,FALSE,,,,,100,m15,patron,K,,,,,,Crystal Room 4,,,
280,224,,female,FALSE,,,,,100,m152,patron,GC,,,,,,cabaret room,,,
193,390,,female,FALSE,,m16,4,,100,m16,patron,K,,,,,,Crystal Room 4,,,
204,394,,female,FALSE,,m16,4,,100,m16a,patron,K,,,,,,Crystal Room 4,,,
260,243,,male,FALSE,,,,,100,m17,patron,GC,,,,,,cabaret room,,,
263,249,,female,FALSE,,,,,100,m18,patron,GC,,,,,,cabaret room,,,
181,78,,male,TRUE,,,,,100,n48,tipped staff,M,,,,,,Main bar,,,
34,79,,male,FALSE,,,,,100,m2,patron,C,,,,,,basement,,,
251,201,,female,FALSE,,,,,100,m21,patron,S,,,,,,cabaret room,,,
86,64,,male,FALSE,,,,,100,m22,patron,S,,,,,,main dining,,,
274,237,,female,FALSE,,,,,100,m23,patron,GC,,,,,,cabaret room,,,
257,243,,male,FALSE,,,,,100,m24,patron,GC,,,,,,cabaret room,,,
94,70,,female,FALSE,,,,,100,m25,patron,K,,,,,,main dining,,,
278,247,,female,FALSE,,,,,100,m28,patron,GC,,,,,,cabaret room,,,
256,220,,female,FALSE,,,,,100,m29,patron,GC,,,,,,cabaret room,,,
259,287,60,female,FALSE,,,,,100,m3,patron,C,,,,,,cabaret room,,,
251,232,,male,FALSE,,,,,100,m30,patron,S,,,,,,cabaret room,,,
179,116,,male,FALSE,,,,,100,m31,patron,M,,,,,,empire room,,,
202,112,,male,TRUE,,,,,100,m32,tipped staff,G1,,,,,,empire room,,,
254,237,,female,TRUE,,,,,100,m36,tipped staff,GC,,,,,,cabaret room,,,
253,91,,male,FALSE,,,,,100,m1,patron,GC,,,,,,Viennese Room,,,
278,268,,male,FALSE,,,,,100,m7a,patron,C,,,,,,cabaret room,,,
266,320,,female,FALSE,,,,,100,m7,patron,S,,,,,,cabaret room,,,
264,77,,male,FALSE,,d97,4,,100,D971,patron,G1,,,,,,Viennese Room,,,
266,291,,female,FALSE,,tristate road runners,2,,100,ma58,patron,d,,tristate road runners table 4,,,,cabaret room,,,
270,266,,female,FALSE,,dayton aaa,2,,100,me,patron,,,dayton aaa table ,,,,cabaret room,,,
265,304,,female,FALSE,,dayton aaa,2,,100,mf,patron,d,,dayton aaa table ,,,,cabaret room,,,
255,225,,female,FALSE,,dayton aaa,2,,100,mh,patron,,,dayton aaa table ,,,,cabaret room,,,
281,271,,female,FALSE,,dayton aaa,2,,100,mk,patron,d,,dayton aaa table ,,,,cabaret room,,,
258,220,,female,FALSE,,dayton aaa,2,,100,mm,patron,d,,dayton aaa table ,,,,cabaret room,,,
249,256,,female,FALSE,,tristate road runners,2,,100,mo70,patron,d,,tristate road runners table 4,,,,cabaret room,,,
252,225,,female,FALSE,,tristate road runners,2,,100,mp31,patron,,,tristate road runners table 7,,,,cabaret room,,,
248,295,,female,FALSE,,tristate road runners,2,,100,mp43,patron,,,tristate road runners table 9,,,,cabaret room,,,
268,293,,female,FALSE,,dayton aaa,2,,100,mw,patron,d,,dayton aaa table ,,,,cabaret room,,,
271,311,,female,FALSE,,dayton aaa,2,,100,my,patron,,,dayton aaa table ,,,,cabaret room,,,
257,260,,female,FALSE,,tristate road runners,2,,100,mz7,patron,,,tristate road runners table 9,,,,cabaret room,,,
273,46,,female,FALSE,,d97,4,,100,d97a,patron,G1,,,,,,Viennese Room,,,
265,72,,female,FALSE,,,,,100,h54,patron,G1,,,,,,Viennese Room,,,
269,63,,male,FALSE,,,,,100,h55,patron,G1,,,,,,Viennese Room,,,
198,132,,male,TRUE,,,,,100,n46,tipped staff,K,,,,,,empire room,,,
223,56,,male,TRUE,,,,,100,m13,contractor,G2,,,,,,garden 2,,,
216,41,,female,FALSE,,,,,100,m14,patron,,,,,,,garden 2,,,
140,110,,male,FALSE,,,,,100,n5,patron,K,,,,,,empire room,,,
256,257,,male,FALSE,,n50,4,,100,n50,patron,S,,,,,,cabaret room,,,
277,255,,female,FALSE,,n50,4,,100,n50a,patron,S,,,,,,cabaret room,,,
207,117,,male,FALSE,,n51,4,,100,n51,patron,M,,,,,,empire room,,,
126,116,,female,FALSE,,n51,4,,100,n51a,patron,M,,,,,,empire room,,,
269,270,,female,FALSE,,dayton aaa,2,,100,n75,patron,,,dayton aaa table ,,,,cabaret room,,,
197,398,,female,FALSE,,,,,100,n76,patron,K,,,,,,Crystal Room 4,,,
273,318,,female,FALSE,,tristate road runners,2,,100,ne32,patron,,,tristate road runners table 9,,,,cabaret room,,,
276,292,,female,FALSE,,,,,100,o10/16?,patron,GC,,,,,,cabaret room,,,
219,219,,female,TRUE,,,,,100,o2,tipped staff,,,,,,,garden 1,,,
202,121,,male,FALSE,,,,,100,o26a,patron,,,,,,,empire room,,,
182,136,,female,FALSE,,,,,100,o26,patron,M,,,,,,empire room,,,
147,231,,female,TRUE,,,,,100,o3,tipped staff,,,,,,,garden 3,,,
269,304,,female,FALSE,,,,,100,o4,patron,C,,,,,,cabaret room,,,
68,64,,male,FALSE,,,,,100,o5a,patron,S,,,,,,main dining,,,
78,52,,male,FALSE,,,,,100,o5,patron,K,,,,,,main dining,,,
247,289,,female,TRUE,,,,,100,o6,non-tipped,C,,,,,,cabaret room,,,
132,116,,male,FALSE,,,,,100,o7,patron,M,,,,,,empire room,,,
170,217,,female,TRUE,,,,,100,o8,non-tipped,,,,,,,garden rooms,,,
282,312,,male,FALSE,,,,,100,o92,patron,S,,,,,,cabaret room,,,
270,324,,male,FALSE,,tristate road runners,2,,100,oc73,patron,d,,tristate road runners table 4,,,,cabaret room,,,
277,307,,male,FALSE,,tristate road runners,2,,100,ol41,patron,,,tristate road runners table 2,,,,cabaret room,,,
247,269,,female,FALSE,,dayton aaa,2,,100,os,patron,d,,dayton aaa table ,,,,cabaret room,,,
265,237,,male,FALSE,,,,,100,p10,patron,GC,,,,,,cabaret room,,,
148,62,,female,FALSE,,,,,100,p11,patron,M,,,,,,Foyer,,,
80,65,,female,FALSE,,,,,100,p13,patron,K,,,,,,main dining,,,
72,47,,male,FALSE,,,,,100,p14,patron,K,,,,,,main dining,,,
270,224,,female,FALSE,,,,,100,p15,patron,C,,,,,,cabaret room,,,
212,393,,female,FALSE,,,,,100,p16,patron,M,,,,,,Crystal Room 4,,,
269,237,,male,FALSE,,p17,4,,100,p17,patron,S,,,,,,cabaret room,,,
276,298,,male,FALSE,,p17,4,,100,p17a,patron,S,,,,,,cabaret room,,,
268,323,,female,TRUE,,,,,100,p18,contractor,M,,,,,,cabaret room,,,
269,219,,male,FALSE,,,,,100,p2,patron,S,,,,,,cabaret room,,,
261,216,,male,TRUE,,,,,100,p2/a1?,contractor,S,,,,,,cabaret room,,,
276,318,,male,FALSE,,,,,100,p22,patron,GC,,,,,,cabaret room,,,
192,399,,female,FALSE,,,,,100,p32,patron,M,,,,,,Crystal Room 4,,,
177,60,,female,TRUE,,,,,100,p4,non-tipped,,,,,,,bathroom,,,
275,243,30,female,FALSE,,,,,100,p5,patron,C,,,,,,cabaret room,,,
268,229,,female,FALSE,,,,,100,p6,patron,C,,,,,,cabaret room,,,
248,213,,female,FALSE,,dayton aaa,2,,100,p69,patron,,,dayton aaa table ,,,,cabaret room,,,
308,213,,male,TRUE,,,,,100,p71a,non-tipped,,,,,,,show room,,,
270,146,,female,FALSE,,,,,100,p71b,patron,S,,,,,,empire/cabaret bathroom,,,
250,250,,male,FALSE,,,,,100,p71,patron,GC,,,,,,cabaret room,,,
267,297,,female,FALSE,,,,,100,p8a,patron,C,,,,,,cabaret room,,,
265,225,,male,FALSE,,,,,100,p8,patron,S,,,,,,cabaret room,,,
278,237,,male,FALSE,,,,,100,p9,patron,C,,,,,,cabaret room,,,
264,237,,female,FALSE,,tristate road runners,2,,100,pn8,patron,,,tristate road runners table 6,,,,cabaret room,,,
281,221,,female,FALSE,,,,,100,q2,patron,S,,,,,,cabaret room,,,
259,279,,male,FALSE,,,,,100,q3,patron,S,,,,,,cabaret room,,,
274,209,,male,FALSE,,,,,100,qa,patron,S,,,,,,cabaret room,,,
263,301,32,male,FALSE,,,,,100,r1,patron,C,,,,,,cabaret room,,,
74,54,,female,TRUE,,,,,100,r10,tipped staff,S,,,,,,main dining,,,
95,72,,male,TRUE,,,,,100,r11,tipped staff,S,,,,,,main dining,,,
246,281,,female,FALSE,,,,,100,m19,patron,C,,,,,,cabaret room,,,
273,62,,male,FALSE,,,,,100,n1,patron,C,,,,,,Viennese Room,,,
254,315,,female,FALSE,,dayton aaa,2,,100,r120,patron,,,dayton aaa table ,,,,cabaret room,,,
252,230,,male,FALSE,,,,,100,r122,patron,GC,,,,,,cabaret room,,,
259,265,,female,TRUE,,,,,100,r126,non-tipped,,,,,,,cabaret room,,,
258,88,,male,TRUE,,,,,100,r13,contractor,C,,,,,,Viennese Room,,,
106,246,,female,TRUE,,,,,100,r14,tipped staff,C,,,,,,garden rooms,,,
205,404,,male,FALSE,,,,,100,r18,patron,K,,,,,,Crystal Room 4,,,
169,394,,female,TRUE,,,,,100,r19,contractor,M,,,,,,Crystal Room 5,,,
274,220,,female,TRUE,,,,,100,r2,contractor,C,,,,,,cabaret room,,,
211,397,,female,TRUE,,,,,100,r20,contractor,K,,,,,,Crystal Room 4,,,
261,273,,female,TRUE,,,,,100,r21,contractor,S,,,,,,cabaret room,,,
273,305,,male,TRUE,,,,,100,r23a,contractor,C,,,,,,cabaret room,,,
278,277,,female,TRUE,,,,,100,r23,contractor,S,,,,,,cabaret room,,,
72,78,,male,TRUE,,r24,4,,100,r24,contractor,K,,,,,,main dining,,,
97,76,,female,TRUE,,r24,4,,100,r25,contractor,,,,,,,main dining,,,
89,58,,male,TRUE,,r24,4,,100,r25a,contractor,K,,,,,,main dining,,,
161,129,,female,TRUE,,,,,100,r26,contractor,M,,,,,,Foyer,,,
265,291,,male,TRUE,,,,,100,r27,contractor,S,,,,,,cabaret room,,,
245,299,,female,TRUE,,,,,100,r29,contractor,GC,,,,,,cabaret room,,,
133,34,,male,TRUE,,,,,100,n49,tipped staff,K,,,,,,crystal rooms,,,
246,301,,female,FALSE,,r33,4,,100,r33,patron,S,,,,,,cabaret room,,,
270,250,,female,FALSE,,r33,4,,100,r33a,patron,S,,,,,,cabaret room,,,
156,112,,female,FALSE,,,,,100,r34,patron,M,,,,,,empire room,,,
133,123,,female,FALSE,,,,,100,r35,patron,G2,,,,,,empire room,,,
150,125,,female,FALSE,,,,,100,r35a,patron,G2,,,,,,empire room,,,
206,405,,female,FALSE,,,,,100,r36,patron,K,,,,,,Crystal Room 4,,,
218,57,,male,TRUE,,,,,100,r5,tipped staff,GC,,,,,,garden 2,,,
255,208,,male,FALSE,,,,,100,r7,patron,C,,,,,,cabaret room,,,
201,200,,male,TRUE,,,,,100,r8,tipped staff,S,,,,,,hall outside garden 2,,,
258,214,,female,FALSE,,,,,100,r9,patron,S,,,,,,cabaret room,,,
281,294,,male,FALSE,,tristate road runners,2,,100,rb36,patron,d,,tristate road runners table 1,,,,cabaret room,,,
264,201,,female,FALSE,,tristate road runners,2,,100,rb37,patron,d,,tristate road runners table 1,,,,cabaret room,,,
265,275,,female,FALSE,,tristate road runners,2,,100,rf1,patron,,,tristate road runners table 9,,,,cabaret room,,,
246,262,,female,FALSE,,tristate road runners,2,,100,rf13,patron,d,,tristate road runners table 2,,,,cabaret room,,,
269,284,,male,FALSE,,tristate road runners,2,,100,rh67,patron,,,tristate road runners table 8,,,,cabaret room,,,
251,234,,male,FALSE,,dayton aaa,2,,100,rj,patron,d,,dayton aaa table ,,,,cabaret room,,,
268,269,,male,FALSE,,tristate road runners,2,,100,rl55,patron,,,tristate road runners table 5,,,,cabaret room,,,
255,235,,female,FALSE,,tristate road runners,2,,100,rl56,patron,,,tristate road runners table 5,,,,cabaret room,,,
258,244,,male,FALSE,,dayton aaa,2,,100,ro,patron,,,dayton aaa table ,,,,cabaret room,,,
274,242,,female,FALSE,,tristate road runners,2,,100,ro3,patron,,,tristate road runners table 8,,,,cabaret room,,,
250,234,,female,FALSE,,tristate road runners,2,,100,rp66,patron,d,,tristate road runners table 4,,,,cabaret room,,,
249,260,,female,FALSE,,dayton aaa,2,,100,rt,patron,d,,dayton aaa table ,,,,cabaret room,,,
142,115,,female,FALSE,,,,,100,s00,patron,G2,,,,,,empire room,,,
249,129,,male,FALSE,,,,,100,s100a,patron,,,,,,,Viennese Room,,,
146,101,,male,TRUE,,,,,100,s100,non-tipped,M,,,,,,Foyer,,,
193,135,,male,FALSE,,s101,4,,100,s101,patron,S,,,,,,empire room,,,
184,125,,female,FALSE,,s101,4,,100,s101a,patron,S,,,,,,empire room,,,
276,289,,male,FALSE,,,,,100,s107,patron,GC,,,,,,cabaret room,,,
202,249,,female,TRUE,,,,,100,s13,non-tipped,,,,,,,garden 1,,,
246,60,,female,FALSE,,,,,100,s145,patron,G1,,,,,,Viennese Room,,,
265,71,,male,FALSE,,,,,100,s146,patron,G1,,,,,,Viennese Room,,,
194,396,,male,FALSE,,,,,100,s177,patron,M,,,,,,Crystal Room 4,,,
86,191,,female,TRUE,,,,,100,s2,non-tipped,,,,,,,kitchen,,,
196,393,,male,FALSE,,,,,100,s20,patron,K,,,,,,Crystal Room 4,,,
216,50,,male,TRUE,,,,,100,s21,tipped staff,,,,,,,garden 2,,,
116,236,,female,TRUE,,,,,100,s22,non-tipped,,,,,,,garden 4,,,
188,389,,female,FALSE,,s238,4,,100,s238a,patron,K,,,,,,Crystal Room 4,,,
74,193,,female,TRUE,,,,,100,s24,tipped staff,S,,,,,,kitchen,,,
247,127,,female,FALSE,,,,,100,s245,patron,G1,,,,,,Viennese Room,,,
244,70,,female,FALSE,,,,,100,s246,patron,G1,,,,,,Viennese Room,,,
162,231,,female,TRUE,,,,,100,s25,tipped staff,,,,,,,cabaret room/service bar,,,
259,281,,female,FALSE,,,,,100,s255,patron,GC,,,,,,cabaret room,,,
266,203,,female,FALSE,,,,,100,s256a,patron,M,,,,,,cabaret room,,,
248,266,,female,FALSE,,dayton aaa,2,,100,s257,patron,,,dayton aaa table ,,,,cabaret room,,,
279,252,,female,FALSE,,dayton aaa,2,,100,s259,patron,,,dayton aaa table ,,,,cabaret room,,,
215,63,,male,TRUE,,,,,100,s26,non-tipped,,,,,,,garden 2,,,
258,251,,female,FALSE,,dayton aaa,2,,100,s260,patron,,,dayton aaa table ,,,,cabaret room,,,
280,292,,male,FALSE,,,,,100,s265,patron,GC,,,,,,cabaret room,,,
188,200,,male,TRUE,,,,,100,s268,tipped staff,S,,,,,,hall outside garden 2,,,
79,74,,female,FALSE,,,,,100,s269a,patron,S,,,,,,main dining,,,
98,68,,male,TRUE,,,,,100,s269,tipped staff,K,,,,,,main dining,,,
83,59,,male,TRUE,,,,,100,s27,tipped staff,S,,,,,,main dining,,,
131,134,,male,FALSE,,,,,100,s271,patron,K,,,,,,empire room,,,
183,127,,male,FALSE,,,,,100,s272,patron,K,,,,,,empire room,,,
234,81,,female,TRUE,,,,,100,s28,tipped staff,,,,,,,hall,,,
210,404,,male,TRUE,,,,,100,s29,non-tipped,S,,,,,,2nd floor stair bar,,,
187,124,,male,TRUE,,,,,100,s30,non-tipped,S,,,,,,empire room,,,
85,55,,male,TRUE,,,,,100,s34,non-tipped,,,,,,,main dining,,,
92,194,,male,TRUE,,,,,100,s35,non-tipped,S,,,,,,kitchen,,,
257,196,26,female,FALSE,,,,,100,s37,patron,C,,,,,,cabaret room,,,
89,195,,male,TRUE,,,,,100,s38,non-tipped,S,,,,,,kitchen,,,
141,34,,male,FALSE,,,,,100,s39,patron,S,,,,,,crystal rooms,,,
59,136,,male,FALSE,,,,,100,s4a,patron,C,,,,,,kitchen,,,
271,258,,female,FALSE,,,,,100,s40,patron,M,,,,,,cabaret room,,,
248,280,,female,FALSE,,,,,100,s45,patron,S,,,,,,cabaret room,,,
248,319,,male,FALSE,,,,,100,s47,patron,GC,,,,,,cabaret room,,,
273,300,,female,FALSE,,,,,100,s48,patron,GC,,,,,,cabaret room,,,
247,249,,male,FALSE,,,,,100,s51,patron,C,,,,,,cabaret room,,,
281,277,,female,FALSE,,,,,100,s52,patron,C,,,,,,cabaret room,,,
256,242,,female,FALSE,,,,,100,s56,patron,S,,,,,,cabaret room,,,
272,228,,male,FALSE,,s59,4,,100,s59,patron,S,,,,,,cabaret room,,,
248,301,,female,FALSE,,s59,4,,100,s59a,patron,S,,,,,,cabaret room,,,
262,320,,male,TRUE,,,,,100,s6,tipped staff,C,,,,,,cabaret room,,,
69,51,,female,FALSE,,,,,100,s64a,patron,S,,,,,,main dining,,,
180,127,,male,TRUE,,,,,100,s64,tipped staff,M,,,,,,empire room,,,
206,227,,male,FALSE,,,,,100,s66,patron,,,,,,,garden 1,,,
215,230,,female,FALSE,,,,,100,s66a/261?,patron,,,,,,,garden 1,,,
96,61,,male,FALSE,,,,,100,s67a,patron,S,,,,,,main dining,,,
69,68,,male,FALSE,,,,,100,s67,patron,K,,,,,,main dining,,,
73,72,,female,FALSE,,,,,100,s68,patron,S,,,,,,main dining,,,
252,230,,female,FALSE,,,,,100,s69,patron,GC,,,,,,cabaret room,,,
275,256,,male,FALSE,,,,,100,s70,patron,GC,,,,,,cabaret room,,,
145,131,,male,FALSE,,,,,100,s74,patron,M,,,,,,empire room,,,
276,278,,male,FALSE,,s76,4,,100,s76,patron,S,,,,,,cabaret room,,,
249,228,,female,FALSE,,s76,4,,100,s76a,patron,S,,,,,,cabaret room,,,
204,133,,female,FALSE,,,,,100,s77,patron,M,,,,,,empire room,,,
143,126,,male,FALSE,,,,,100,s80,patron,M,,,,,,empire room,,,
157,133,,female,FALSE,,,,,100,s81,patron,G2,,,,,,empire room,,,
255,282,,male,FALSE,,,,,100,s82,patron,GC,,,,,,cabaret room,,,
273,236,,female,FALSE,,,,,100,s83,patron,GC,,,,,,cabaret room,,,
263,292,,female,FALSE,,,,,100,s84,patron,S,,,,,,cabaret room,,,
194,132,,female,FALSE,,,,,100,s85,patron,K,,,,,,empire room,,,
130,132,,male,FALSE,,,,,100,s86,patron,K,,,,,,empire room,,,
196,394,,male,FALSE,,,,,100,s89,patron,K,,,,,,Crystal Room 4,,,
201,393,,female,FALSE,,,,,100,s90,patron,K,,,,,,Crystal Room 4,,,
155,122,,female,FALSE,,,,,100,s92,patron,M,,,,,,empire room,,,
146,131,,female,FALSE,,,,,100,s95,patron,M,,,,,,empire room,,,
124,122,,male,FALSE,,,,,100,s96,patron,M,,,,,,empire room,,,
134,119,,male,FALSE,,,,,100,s98,patron,G2,,,,,,empire room,,,
261,220,,female,FALSE,,tristate road runners,2,,100,si6,patron,,,tristate road runners table 3,,,,cabaret room,,,
268,243,,female,FALSE,,dayton aaa,2,,100,sm,patron,d,,dayton aaa table ,,,,cabaret room,,,
268,288,,male,FALSE,,,,,100,t11,patron,S,,,,,,cabaret room,,,
270,196,,male,FALSE,,,,,100,t12,patron,S,,,,,,cabaret room,,,
205,390,,male,FALSE,,,,,100,t24,patron,K,,,,,,Crystal Room 4,,,
277,298,,female,FALSE,,,,,100,t3,patron,S,,,,,,cabaret room,,,
245,297,,female,FALSE,,,,,100,t48a,patron,S,,,,,,cabaret room,,,
264,304,,male,FALSE,,,,,100,t48,patron,S,,,,,,cabaret room,,,
71,61,,male,FALSE,,t49,4,,100,t491,patron,S,,,,,,main dining,,,
93,58,,female,FALSE,,,,,100,t49,patron,K,,,,,,main dining,,,
86,70,,female,FALSE,,t49,4,,100,t49a1,patron,S,,,,,,main dining,,,
68,63,,male,FALSE,,,,,100,t49a,patron,K,,,,,,main dining,,,
176,404,,male,FALSE,,,,,100,t6a,patron,K,,,,,,Crystal Room 5,,,
177,390,,female,FALSE,,,,,100,t6,patron,K,,,,,,Crystal Room 5,,,
264,284,,male,FALSE,,t8,4,,100,t8,patron,S,,,,,,cabaret room,,,
251,286,,male,FALSE,,t8,4,,100,t8a,patron,S,,,,,,cabaret room,,,
254,232,,female,FALSE,,tristate road runners,2,,100,tb79,patron,,,tristate road runners table 6,,,,cabaret room,,,
277,197,,female,FALSE,,dayton aaa,2,,100,tw,patron,d,,dayton aaa table ,,,,cabaret room,,,
186,403,,male,FALSE,,u1,4,,100,u1,patron,K,,,,,,Crystal Room 4,,,
206,391,,female,FALSE,,u1,4,,100,u2,patron,K,,,,,,Crystal Room 4,,,
69,54,,female,TRUE,,,,,100,v1,tipped staff,S,,,,,,main dining,,,
155,124,,female,FALSE,,,,,100,v12,patron,M,,,,,,empire room,,,
219,52,,female,TRUE,,,,,100,v2,tipped staff,,,,,,,zebra room,,,
37,92,,male,TRUE,,,,,100,v20,non-tipped,,,,,,,basement,,,
244,51,,male,TRUE,,,,,100,v3,non-tipped,S,,,,,,Viennese Room,,,
201,126,,female,FALSE,,,,,100,v30,patron,M,,,,,,empire room,,,
56,169,,female,TRUE,,,,,100,v4,tipped staff,,,,,,,kitchen,,,
226,62,,female,TRUE,,,,,100,v5,tipped staff,K,,,,,,garden 2,,,
266,237,,female,FALSE,,,,,100,v6,patron,C,,,,,,cabaret room,,,
270,286,,female,FALSE,,,,,100,v7,patron,C,,,,,,cabaret room,,,
276,202,,female,FALSE,,,,,100,v9,patron,C,,,,,,cabaret room,,,
272,218,,female,FALSE,,tristate road runners,2,,100,vf23,patron,d,,tristate road runners table 3,,,,cabaret room,,,
277,271,,female,FALSE,,tristate road runners,2,,100,vmt57,patron,,,tristate road runners table 7,,,,cabaret room,,,
149,131,,,FALSE,,,,,100,w10,patron,K,,,,,,empire room,,,
209,396,,male,FALSE,,,,,100,w105,patron,M,,,,,,Crystal Room 4,,,
262,255,,female,FALSE,,dayton aaa,2,,100,w112,patron,,,dayton aaa table ,,,,cabaret room,,,
262,270,,female,FALSE,,,,,100,w113,patron,C,,,,,,cabaret room,,,
85,63,,male,FALSE,,w114,4,,100,w114,patron,K,,,,,,main dining,,,
92,54,,female,FALSE,,w114,4,,100,w114a,patron,K,,,,,,main dining,,,
139,118,,male,FALSE,,,,,100,w115,patron,M,,,,,,empire room,,,
269,230,,female,FALSE,,w118,4,,100,w118,patron,C,,,,,,cabaret room,,,
282,247,7,female,FALSE,,w118,4,,100,w118a,patron,C,,,,,,cabaret room,,,
181,199,,male,TRUE,,,,,100,w13,tipped staff,,,,,,,hall outside garden 2,,,
270,220,,female,TRUE,,,,,100,w14,contractor,S,,,,,,cabaret room,,,
202,178,,male,TRUE,,,,,100,w15,non-tipped,,,,,,,catering office,,,
249,214,,male,FALSE,,,,,100,w16,patron,C,,,,,,cabaret room,,,
264,222,,female,FALSE,,,,,100,w17,patron,C,,,,,,cabaret room,,,
270,303,,female,FALSE,,,,,100,w18,patron,C,,,,,,cabaret room,,,
252,306,,male,FALSE,,,,,100,w19,patron,C,,,,,,cabaret room,,,
81,78,,male,TRUE,,,,,100,w2,tipped staff,K,,,,,,main dining,,,
246,317,,male,FALSE,,w21,4,,100,w21,patron,S,,,,,,cabaret room,,,
251,295,,male,FALSE,,w21,4,,100,w21a,patron,S,,,,,,cabaret room,,,
192,119,,male,FALSE,,,,,100,w23,patron,G2,,,,,,empire room,,,
255,315,,male,FALSE,,,,,100,w24,patron,GC,,,,,,cabaret room,,,
196,82,,male,TRUE,,,,,100,w26,non-tipped,S,,,,,,hall of mirrors?,,,
151,135,,male,FALSE,,,,,100,w28,patron,K,,,,,,empire room,,,
145,131,,male,FALSE,,,,,100,w29,patron,M,,,,,,empire room,,,
245,269,,male,FALSE,,,,,100,w30,patron,S,,,,,,cabaret room,,,
267,272,,female,FALSE,,,,,100,w4,patron,C,,,,,,cabaret room,,,
257,131,,female,FALSE,,w42,4,,100,w42a,patron,M,,,,,,Viennese Room,,,
265,81,,female,FALSE,,w42,4,,100,w42b,patron,M,,,,,,Viennese Room,,,
60,163,,male,TRUE,,,,,100,w5,tipped staff,S,,,,,,kitchen,,,
273,211,,male,FALSE,,,,,100,w7,patron,S,,,,,,cabaret room,,,
80,231,,female,TRUE,,,,,100,w8,tipped staff,S,,,,,,kitchen,,,
100,63,,female,TRUE,,,,,100,w9,tipped staff,,,,,,,main dining,,,
253,277,,male,FALSE,,dayton aaa,2,,100,wb,patron,d,,dayton aaa table ,,,,cabaret room,,,
266,246,,male,FALSE,,tristate road runners,2,,100,wm19,patron,,,tristate road runners table 5,,,,cabaret room,,,
270,288,,female,FALSE,,tristate road runners,2,,100,wm20,patron,,,tristate road runners table 5,,,,cabaret room,,,
261,241,,male,FALSE,,tristate road runners,2,,100,wp71,patron,,,tristate road runners table 7,,,,cabaret room,,,
272,238,,female,FALSE,,tristate road runners,2,,100,wp72,patron,,,tristate road runners table 7,,,,cabaret room,,,
265,112,,female,FALSE,,y16,4,,100,y16a,patron,M,,,,,,Viennese Room,,,
60,134,,female,TRUE,,,,,100,y2,non-tipped,,,,,,,kitchen,,,
196,396,,male,FALSE,,y5,4,,100,y5,patron,K,,,,,,Crystal Room 4,,,
207,402,,female,FALSE,,y5,4,,100,y6,patron,K,,,,,,Crystal Room 4,,,
273,275,,male,FALSE,,,,,100,y9,patron,S,,,,,,cabaret room,,,
256,238,30,female,FALSE,,,,,100,z1,patron,C,,,,,,cabaret room,,,
242,74,,male,FALSE,,z12,4,,100,z12a,patron,M,,,,,,Viennese Room,,,
191,131,,female,FALSE,,z4,4,,100,z4,patron,K,,,,,,empire room,,,
155,133,,male,FALSE,,z4,4,,100,z4a,patron,K,,,,,,empire room,,,